,ISIC 01T03,ISIC 05,ISIC 06,ISIC 07T08,ISIC 09,ISIC 10T12,ISIC 13T15,ISIC 16,ISIC 17T18,ISIC 19,ISIC 20,ISIC 21,ISIC 22,ISIC 231,ISIC 239,ISIC 241,ISIC 242,ISIC 25,ISIC 26,ISIC 27,ISIC 28,ISIC 29,ISIC 30,ISIC 31T33,ISIC 351,ISIC 352T353,ISIC 36T39,ISIC 41T43,ISIC 45T47,ISIC 49T53,ISIC 55T56,ISIC 58T60,ISIC 61,ISIC 62T63,ISIC 64T66,ISIC 68,ISIC 69T82,ISIC 84,ISIC 85,ISIC 86T88,ISIC 90T96,ISIC 97T98
ISIC 01T03,1.2336803023143121,0,6.366654949829795e-4,0.001647650444606839,0.0010904092041865822,0.23160932031041867,0.020767434054973197,0.07197794035984334,0.007994821458795875,0.0014360362130046028,0.01992296495800156,0.01992296495800157,0.011049796035406007,0.001553019599508393,0.001553019599508393,7.351675076784333e-4,7.325092397925292e-4,7.252595701353813e-4,3.3560889539066644e-4,8.410509964638319e-4,7.949798908751782e-4,0.0011280788600515033,4.160538593896232e-4,0.004487790879399619,6.110709347331074e-4,5.494819400007154e-4,0.0011702960036290785,0.002433375835869339,0.0017208216604140919,0.0013875889109462116,0.021387562156874762,5.506834194928289e-4,8.014345991992692e-4,7.755881588125977e-4,4.0316645630481587e-4,5.488889334771814e-4,0.0017615218541045935,0.005319176696046526,0.0031684202155598893,0.00281465783051175,0.0022455043240233873,0
ISIC 05,0,1,0,0,0,0,0,0,0,0,0,0,0,0,0,0,0,0,0,0,0,0,0,0,0,0,0,0,0,0,0,0,0,0,0,0,0,0,0,0,0,0
ISIC 06,2.1290365892171015e-4,0,1.006153614380955,2.1788754332267328e-4,1.517600853633023e-4,7.807138361218269e-5,6.780968604666822e-5,9.72883812645581e-5,9.627738009441663e-5,0.13753214305773323,5.772928436000048e-4,5.77292843600005e-4,1.254375714536069e-4,7.606193592570188e-5,7.606193592570188e-5,7.149436391890189e-4,1.960208157133343e-4,1.1884013699952546e-4,1.8957244218424917e-5,8.363452545037929e-5,7.021647155376074e-5,5.559930280706437e-5,2.8357521897488303e-5,5.9992803437646685e-5,0.0031004868374370073,0.0010339405779444205,9.654458341252878e-4,9.532060426637629e-5,3.243244222538456e-5,3.0844961785524437e-4,4.542178497577088e-5,3.616610047850498e-5,1.6804435183929735e-5,2.526903871051382e-5,1.0271007499434962e-5,1.5208127069257744e-5,2.7771011836165534e-5,4.1270782198882033e-4,1.497627729796817e-4,2.9348169393088455e-5,3.729620955672964e-5,0
ISIC 07T08,0.001915193551539341,0,0.00852834415266824,1.024417375147284,0.004265153566813183,0.0012914474570479915,6.492052782232593e-4,6.235825914798647e-4,0.0020191906790086537,0.0038684753944439147,0.0042174219989510155,0.004217421998951017,0.001244764881974184,0.030720444620294815,0.030720444620294815,0.01746893982290832,0.017520523917830533,0.00206173573683825,2.4200102073794886e-4,0.0017440163602580278,0.0010928918031713193,0.0010659990868150044,4.548395622015041e-4,9.321036244416476e-4,0.004095973118523473,0.0014489772054073903,0.0015337859374564321,0.004509067609673366,1.4841692587676418e-4,6.312981323445574e-4,5.361247612798367e-4,1.6036457269234626e-4,3.0780932051994536e-4,4.654550485332628e-4,6.220039787487479e-5,2.2944344808431067e-4,3.7732341758112657e-4,0.0012071598124302606,5.327853574129288e-4,2.5628085129970137e-4,8.461655988817625e-4,0
ISIC 09,4.2675765069489085e-5,0,0.04568642673166724,0.007552899414867165,1.0186139642704792,2.1459509003342936e-5,1.3768174536278907e-5,1.878535914381205e-5,2.932784512347765e-5,0.013153457475831106,9.17979326995835e-5,9.179793269958352e-5,2.5324066178573065e-5,2.378497577459648e-4,2.378497577459648e-4,2.0356378996438061e-4,1.544471918777435e-4,3.3429580974649426e-5,5.369583039560572e-6,2.5399494110822945e-5,1.969362712152139e-5,1.679647980503269e-5,8.651600974822969e-6,1.61242159436907e-5,3.3658156869171397e-4,1.177696236229689e-4,1.0987763655164091e-4,4.732331597064539e-5,7.3978103036025084e-6,4.9227379228908924e-5,1.2184647075865482e-5,6.428330706051022e-6,6.326403932562199e-6,8.199347065669177e-6,2.9759470474761323e-6,1.2803948899397341e-5,1.2232296145445698e-5,6.0149851455604844e-5,2.1844061968327296e-5,7.230890218809262e-6,1.3447270255541795e-5,0
ISIC 10T12,0.06067892270843271,0,7.724121891123751e-4,0.001007795317312377,0.001086752967086262,1.1387947670870222,0.006874801374890098,0.004674577476692863,0.0037429022221781762,0.0017984407785732008,0.00824819239160731,0.008248192391607314,0.003861110545807941,0.003519546397735284,0.003519546397735284,8.435240127863808e-4,8.399021866827014e-4,8.031370923122477e-4,3.6420243252104735e-4,7.521347000033827e-4,8.667436223624666e-4,0.0010310409895976855,4.884329345343509e-4,0.0012979725383119275,8.386911391328257e-4,6.219676051392982e-4,0.001246305306289903,0.001098874139866412,0.002115552627928804,0.0010636522782274047,0.05351768465595764,6.431496897042933e-4,6.371509224721065e-4,0.0013437491117721135,6.136793000881827e-4,6.817873885531618e-4,0.0019772579039515196,0.013424195868050036,0.011020681010224692,0.009553866105757012,0.0050923047656851825,0
ISIC 13T15,4.953519700267328e-4,0,1.3098998417354033e-4,2.4453091769507446e-4,2.1183937472056975e-4,6.600488649221962e-4,1.0771042192795794,0.0022834805270969443,0.015701389543299332,2.4818742363771126e-4,4.034860164372787e-4,4.034860164372788e-4,0.006894462283432249,0.0012003046634630333,0.0012003046634630333,1.8637268196124965e-4,1.861382298571319e-4,1.9084058544442147e-4,1.0774706347752603e-4,2.678145573461903e-4,7.739997294446993e-4,0.003786496616145876,0.001789736723049775,0.005245988634330771,8.926565529935499e-5,1.281146477616641e-4,0.001109460198016429,6.674316830645337e-4,0.0015487710993676534,1.9253120418975334e-4,0.001792334492186988,6.68193291562239e-4,0.0013357801329123265,1.9921234887959325e-4,1.0665435372031079e-4,9.150947077965486e-5,3.5049629814741984e-4,0.0015400718197525216,2.994048940412926e-4,0.0020930279270025835,0.0021002284272739493,0
ISIC 16,0.0015626445379364668,0,3.482871052933389e-4,0.001844124686965743,0.002043049108410295,0.0011840681329510574,9.86866634227321e-4,1.1392799426600848,0.008927945003034784,6.005174148995409e-4,6.852840208362532e-4,6.852840208362532e-4,0.005631258283796893,0.0016763107462894685,0.0016763107462894685,0.0018290720001154857,0.0018337316848397996,8.726666025429115e-4,6.741588708331896e-4,0.0034161099289074875,0.002073278212195376,0.003962591032710112,7.677083357032753e-4,0.010000346790737314,5.366551317630519e-4,6.648753602502821e-4,6.769775489356701e-4,0.015889159156243192,0.0017381917018496815,0.008642427459236088,0.001321282951862088,4.85365634996155e-4,8.164727914861827e-4,0.001252462847530181,2.2492772136989132e-4,0.0013324071276398107,7.17579846571638e-4,0.0012029994187138216,4.3650977432236574e-4,8.45675500628572e-4,7.63401012165878e-4,0
ISIC 17T18,0.0023345635707932013,0,0.0011512193217450527,0.0018741053412811204,0.0015097928193701844,0.014627152743155469,0.004163687048734604,0.0054334836012391915,1.095455255299063,0.0011536697449540385,0.004968293309289141,0.0049682933092891415,0.009638257183959158,0.0059992966849139705,0.0059992966849139705,0.003371740487317187,0.003380153227361474,0.0032634155458088703,0.001210041985768496,0.005015277786292274,0.003449593963022327,0.00477103284690511,0.0013959887224508668,0.006581766024080356,6.28338896716293e-4,0.0011291231270116268,0.0020143629647692016,0.0019064511401685456,0.004942647592310842,0.0019003204901903807,0.005556829981851192,0.006699724810045564,0.0015194165161504978,0.005329278939480519,0.003287851287297118,4.914642338433266e-4,0.004139439392917489,0.0047621478624249435,0.002394346812618949,0.004025235472518783,0.002643344601892899,0
ISIC 19,7.427055499980541e-4,0,3.0889319651796024e-4,7.360163854145977e-4,3.916057689664997e-4,2.4753040719065753e-4,1.0119343415921381e-4,2.807321336527704e-4,2.68908675371752e-4,1.000848726445518,4.5402796559181123e-4,4.5402796559181134e-4,1.8037410876920007e-4,1.959719182402714e-4,1.9597191824027141e-4,5.4303042036889e-4,5.418709707882087e-4,3.341167156253086e-4,4.4693225951559546e-5,2.3170032563084027e-4,1.9634008324421955e-4,1.354200079232938e-4,6.59017827072474e-5,1.5419369402207332e-4,8.6178925670213e-4,3.4735005053579946e-4,4.495974914292147e-4,3.532515353613764e-4,8.857130285309986e-5,0.0012261397697240096,1.209182285700711e-4,3.687411991996877e-5,3.4482833098228464e-5,6.191085160934791e-5,3.0868258686317196e-5,3.5330015686310685e-5,7.614404757188601e-5,6.090799760597618e-4,8.727800413135512e-5,6.437585970303297e-5,8.756143637530054e-5,0
ISIC 20,0.043968856625032755,0,0.015102102346130302,0.019340896542640866,0.014604541319475787,0.017106650311994157,0.06903660504979808,0.022481043353108635,0.02843995079636484,0.04205263648153977,1.1474433142597826,0.14744331425978274,0.13421726667445477,0.018608737483760476,0.018608737483760476,0.010380915758116463,0.01026079066556976,0.013596102297715667,0.0052164208690726535,0.013539407151340874,0.009229359177820685,0.01535488803556172,0.004714620794561872,0.024333786900101777,0.011017542010065197,0.005245003714051999,0.012210901235207067,0.01054214218745546,0.0034484322089129884,0.01539023674609308,0.005085430664837236,0.0023931411167899793,0.0026808456561931444,0.0031636917350078555,0.0012311172606313424,0.002205816079043188,0.0074049537642090196,0.013488835236659051,0.003187131774839598,0.013539619846621016,0.005927473940010898,0
ISIC 21,0.014656285541677586,0,0.005034034115376767,0.00644696551421362,0.004868180439825262,0.005702216770664716,0.023012201683266047,0.007493681117702874,0.009479983598788278,0.014017545493846595,0.049147771419927586,1.049147771419928,0.04473908889148493,0.006202912494586825,0.006202912494586826,0.003460305252705487,0.0034202635551899207,0.004532034099238558,0.0017388069563575512,0.004513135717113624,0.0030764530592735616,0.005118296011853908,0.0015715402648539582,0.008111262300033928,0.003672514003355064,0.0017483345713506658,0.004070300411735689,0.003514047395818487,0.001149477402970997,0.005130078915364362,0.0016951435549457453,7.977137055966602e-4,8.936152187310487e-4,0.001054563911669285,4.1037242021044754e-4,7.352720263477292e-4,0.002468317921403006,0.0044962784122196805,0.0010623772582798656,0.004513206615540339,0.001975824646670299,0
ISIC 22,0.0040016155051507485,0,0.001161003543552789,0.008335711103281197,0.0059107480891701205,0.010719471125943996,0.004826092120855825,0.006820510927752533,0.011927361905442751,0.0015322613820084828,0.0073684442552688165,0.007368444255268815,1.0341983709405123,0.004688209669631698,0.004688209669631699,0.002002439003369212,0.002004222301813036,0.0038410699386146425,0.003769394211161924,0.008093215114547442,0.013911873607676577,0.019708577322562197,0.005173287107746824,0.013639754031477791,5.061217314871671e-4,0.0015574654757872456,0.002030391932024875,0.008757288628307049,0.003138061592814201,0.0016021341682170074,0.003580451921888658,0.0013184072429318569,0.0027853473398000224,0.0014862943011894807,5.95395968001773e-4,4.902939352345062e-4,0.00162852900065676,0.0031343031359429016,0.0013394176135513,0.0033935378262662267,0.002245929725136508,0
ISIC 231,2.5039786076056295e-4,0,8.892467283536787e-4,0.001349368150110661,0.001849140195085438,0.0010357660353262084,2.1379604996758675e-4,0.002008821036507639,4.941133079279324e-4,9.400811267165791e-4,5.809355056950457e-4,5.809355056950456e-4,0.0017294313019768745,1.0206484376788736,0.02064843767887337,0.0021857515165420592,0.002190476118409042,0.0011471074390878543,2.683225660898626e-4,0.0030154450565015247,0.001254258868483512,0.002638510468575944,3.522458933102927e-4,0.0011444963201892849,2.2964490286908604e-4,2.1638404913817532e-4,5.42600933986276e-4,0.007790684701587453,1.7074075347840666e-4,3.2752865719609046e-4,6.065431616640861e-4,2.51902413946988e-4,7.04401965724859e-4,3.049013122298092e-4,6.143641611644123e-5,2.8098891448042826e-4,3.5100817734372254e-4,5.25945471367293e-4,1.6645940676013194e-4,5.330522830224863e-4,4.726826980032684e-4,0
ISIC 239,7.511935822816887e-4,0,0.002667740185061037,0.004048104450331984,0.005547420585256313,0.003107298105978625,6.413881499027599e-4,0.006026463109522918,0.0014823399237837973,0.002820243380149736,0.0017428065170851364,0.0017428065170851362,0.005188293905930624,0.0619453130366201,1.0619453130366203,0.006557254549626179,0.006571428355227125,0.003441322317263564,8.049676982695874e-4,0.009046335169504574,0.0037627766054505363,0.007915531405727831,0.0010567376799308782,0.0034334889605678546,6.889347086072583e-4,6.491521474145256e-4,0.0016278028019588286,0.02337205410476236,5.122222604352199e-4,9.825859715882717e-4,0.0018196294849922576,7.557072418409638e-4,0.002113205897174577,9.147039366894272e-4,1.8430924834932368e-4,8.429667434412843e-4,0.0010530245320311677,0.0015778364141018797,4.99378220280396e-4,0.001599156849067459,0.0014180480940098044,0
ISIC 241,0.0017470326034443276,0,0.0049561808302527035,0.003157160643271488,0.003082571115636418,0.0018461254419455471,7.156698928681894e-4,0.0023951848975269125,0.002158302196192565,0.0020437656466008422,0.0012194985066887724,0.0012194985066887726,0.0029225006576439707,0.003679122280008594,0.0036791222800085944,1.0934213331677014,0.09376791170857056,0.046943714622118,0.0051096704961355,0.032187640948535885,0.025477595379819144,0.020162964804972133,0.007907101269198849,0.011042015056402826,0.0013040857080846055,9.93594176786321e-4,0.0024031210089406835,0.00331555823012739,5.025935444317898e-4,0.002649783093958534,5.581607392205649e-4,3.913616702009419e-4,7.911008096829991e-4,7.086528125833007e-4,1.2566394984466771e-4,3.2394950287637165e-4,6.058070722858221e-4,0.0012622044526587408,5.253641434634836e-4,5.01953386568903e-4,0.001033208373987763,0
ISIC 242,0.0014047294805733302,0,0.00404480053815891,0.002558692711415626,0.002509100742998026,0.0015022472589597121,5.821880624375257e-4,0.0019503752908710756,0.0017569547582834183,0.001643990738347726,9.8269593874075e-4,9.8269593874075e-4,0.002385147750996568,0.0030036838952314845,0.0030036838952314845,0.07641760541953391,1.0767012081786662,0.03839739975399811,0.0041791555007820395,0.026327649205334456,0.02083878602505318,0.01649247471151479,0.006467258286971019,0.009029256100295745,0.0010383643231597112,8.014072620647834e-4,0.0019512614593544901,0.002701000079789988,4.082719741262994e-4,0.002127291544837218,4.5266199368939285e-4,3.189806328139284e-4,6.46119329158148e-4,5.777511557201864e-4,1.0179100779563275e-4,2.6387649369708096e-4,4.93132041197838e-4,0.0010124888127375344,4.269454069970262e-4,4.0855159527752123e-4,8.424449117824646e-4,0
ISIC 25,0.005106979855904722,0,0.01536774352556447,0.007162410725347086,0.0063714743808807,0.010117315567354606,0.004179153728736019,0.01566966414887002,0.011547350999645356,0.005276531038565469,0.007305702206792627,0.007305702206792627,0.015659712001973095,0.007458882618641332,0.007458882618641333,0.013127981337772971,0.013157760464775714,1.0464070874072533,0.00939188770003436,0.032362686717557355,0.03328483014854851,0.024358866876680336,0.02005240832820622,0.014626143558280806,0.001847701184891588,0.00921123945685785,0.011123063387703835,0.024082781543939818,0.0015241889014811457,0.003601571564538771,0.0032515524412240053,0.0030472220590904682,0.0074938044982873955,0.002917410433967486,4.205872082665854e-4,0.001217724188141933,0.002028923589931869,0.003199709216235515,0.0013976460399310697,0.0018075979817508594,0.0036128825194657013,0
ISIC 26,0.0010442671304325712,0,0.0014386912146845308,0.0016338291548977227,0.00238413915919645,0.0029878845773532985,0.0027538096698269767,0.006277157663845153,0.003145739668348422,0.0015330104999125619,0.00419639394526795,0.0041963939452679495,0.005079975499437111,0.002812280462462582,0.002812280462462582,0.0032222691560615416,0.003228676207771084,0.008374897238436175,1.0535440433092689,0.010268502566811423,0.00989105745707124,0.02074086332508195,0.02560556159240981,0.006038498254420424,7.551869182862242e-4,9.22701964657223e-4,0.004927104967419435,0.003698822455607648,0.007555238281256278,0.0014940269258542443,0.001394868665386806,0.007314233997381892,0.013884732547491221,0.010408996760241377,7.045785300473657e-4,4.907147987175958e-4,0.005279719503520618,0.002848881589337087,0.0019067808721608508,0.002859153081014258,0.003395217255310202,0
ISIC 27,0.00645207038584014,0,0.0014332689540962342,0.002102946607151171,0.005198088004135663,0.003205000470894388,9.992211367723925e-4,0.004355783355396155,0.0024788171579071734,0.00143846943939085,0.001707517215153536,0.001707517215153536,0.0037152478917092404,0.0012510049914881347,0.0012510049914881349,0.005900670326604681,0.00591759464528062,0.006818224225701895,0.005951025699446277,1.0539473099836545,0.028735096487218285,0.008943476176421557,0.004329090732789465,0.004237412570301039,5.171489767588932e-4,6.344088039154193e-4,0.006386945763743709,0.015110439277815477,9.619695307236074e-4,0.0012678214539801696,0.0013584622843270592,0.0013729744778427763,0.0038454881366722293,0.00250867052070324,2.754733433440519e-4,8.164020367420092e-4,0.0017360237477629884,0.002008556191588915,0.0012481859837685635,0.0012953636451951617,0.0033577483762378345,0
ISIC 28,0.00696466863269338,0,0.018904421207222168,0.025870293623194738,0.029708334988553534,0.005676074617595367,0.001372978311983391,0.004698034399887662,0.009205557653772258,0.005384121130297838,0.005056132029354041,0.0050561320293540405,0.006455766395922697,0.0023994479732205505,0.002399447973220551,0.0037853795630929626,0.0037793158262851055,0.01000386564478178,0.0017337349174676119,0.013161277748807165,1.0607665100359842,0.04037355574760256,0.010135137278846105,0.004324944649956337,0.003016084880180394,0.002283007026705967,0.02263710723682624,0.01298453248169893,0.001495136389004504,0.0033578969959709385,0.0015300662260379456,9.961354778070476e-4,0.0016743660264340906,0.002690161157401602,7.32342775492965e-4,6.795399847787557e-4,0.002348202339762539,0.0025111357193330565,0.0037821287435285543,0.0013455014890415926,0.005095395803814443,0
ISIC 29,0.0037063601595072873,0,0.00331827786315434,0.006833236378068194,0.005109089063893331,0.0059693960670552295,0.002499798856594665,0.014536620859802145,0.005058363931438183,0.0017888279154882564,0.0025197783572038696,0.0025197783572038696,0.0034166293969670335,0.003943536670940325,0.003943536670940324,0.0034491821739005097,0.003455479596471697,0.0040846297072975974,0.0027386016791779975,0.0054427684658068754,0.022823409503485555,1.169916006205954,0.011581932668560566,0.004982693067009223,7.314348328847107e-4,7.61858419792085e-4,0.007040366328208811,0.002255960994789321,0.0041290293931197375,0.00621447150716847,0.0020623513377369005,0.001231535582811335,0.0018709056896705073,0.0012650975843255998,4.301006410647223e-4,3.873242883644304e-4,0.004325156030133484,0.0035732420840712694,0.0015954236719183635,0.0022140976253831085,0.008672312205389198,0
ISIC 30,1.1401030167747437e-4,0,7.33279291533949e-5,1.632783626157351e-4,8.963104349845551e-5,1.5979135906559033e-4,1.0387277356721737e-4,1.9541096875724993e-4,0.00014428858990013176,1.1060982322271544e-4,9.509608125004941e-5,9.509608125004941e-5,1.2561515998017723e-4,1.9954188179894963e-4,1.9954188179894963e-4,1.514206389439587e-4,1.5157542696631559e-4,1.5769862863287016e-4,4.8636378921928374e-5,8.703164512043667e-5,2.547063628648979e-4,4.5889802093071437e-4,1.1603658118366245,8.577647248454196e-5,1.232587414017375e-4,1.1422267913566442e-4,3.063521020755153e-4,8.50394762090092e-5,1.6014569863332314e-4,0.0032068625941558977,9.298119131605577e-5,6.0052054685786255e-05,5.578564208422351e-5,1.0495600787279442e-4,4.1572613199867607e-5,3.421507474788162e-5,1.86074669993929e-4,0.0025984774504799746,5.34205841474645e-5,8.585480053397301e-5,1.5395705753296128e-4,0
ISIC 31T33,0.0011742442297412192,0,0.0021116504797710407,0.0025778541385963354,0.0024350780545569087,0.0019551946026362087,0.0066705952809236295,0.005395683634307488,0.004105693716513465,0.0012713974492241415,0.0020956730291441816,0.0020956730291441807,0.003533922191879247,0.0018290733740312806,0.0018290733740312808,0.0013032443032464287,0.0013033650925878145,0.001981502471251305,0.0021313487085360986,0.004275125170780814,0.006307622258830958,0.005172068233308434,0.0027359916407969924,1.0238992996783838,0.0010354830389137976,0.0012238610626311435,0.002643919461821285,0.00833166184009852,0.0027855155315838834,0.0017176309174400143,0.0027920036414431633,0.001657730959937954,0.0018230891366210645,0.002371274396634479,9.111356102675661e-4,0.0015657784799791355,0.0026357906855072745,0.002733827101976937,0.0016216941866845052,0.01200913931547476,0.0031534043144202063,0
ISIC 351,0.00393007613443255,0,0.004451056464861665,0.005386593983320176,0.0010962747098451516,0.002324493846100607,0.0018635060862446967,0.002717463829290238,0.003575358379249536,0.025104097622375674,0.00295032793893007,0.0029503279389300695,0.0032405420895711134,0.004319677585640632,0.004319677585640632,0.00350385255360824,0.003421926741601508,0.002126116506816569,7.028606890254784e-4,0.0012667307221773739,0.0013212635984079211,0.0012057135759181179,0.001511141697621517,0.0011689118131841237,1.0080521206497692,0.005153341577525615,0.003882847824542938,0.0011472427193091148,0.0018265206697127803,0.0011567638168562214,0.003107271609445784,6.442890908902332e-4,0.0011083574504301627,9.05482899674678e-4,2.865579156258469e-4,9.267743127513955e-4,8.445618425325918e-4,0.0015137786275300495,0.0020594211620124643,0.0012249274681642311,0.0015951101373713607,0
ISIC 352T353,0.0021896107613756243,0,0.0033298086006425445,0.003011042001094564,6.545700435432486e-4,0.0012971337456836774,0.0010477500629022688,0.0015009052345928244,0.00197525616356427,0.010127906925168916,0.0016414050327095255,0.0016414050327095255,0.0017878225776932477,0.0023814888505936356,0.0023814888505936365,0.001911503651783861,0.0018803403243399435,0.0011807813543523314,3.961433644116085e-4,7.06661637190772e-4,7.445917152580835e-4,6.709443314717683e-4,8.396930457586496e-4,6.653150872479977e-4,0.005044095440775534,1.0030331351156234,0.0022762511108539453,6.488124799246887e-4,0.0010328932924047974,7.082637017083342e-4,0.0017334830243908898,3.795478427893417e-4,6.297354670609008e-4,5.35008568413886e-4,1.755805730521375e-4,5.118481709615743e-4,5.001862221635967e-4,9.151810920295323e-4,0.0011400240451845624,6.994875896334046e-4,8.942558693808461e-4,0
ISIC 36T39,9.105580465648593e-4,0,0.004062246012728801,0.0012177794383325731,2.9463438776045536e-4,5.438424788545859e-4,4.393700266643284e-4,6.289542860009976e-4,8.124494156574032e-4,0.07647049615951435,9.262179914332535e-4,9.262179914332533e-4,7.620253285212916e-4,9.71904016927301e-4,9.719040169273011e-4,0.001102532669248077,8.166756528773687e-4,5.109153309264217e-4,1.619971076713286e-4,3.096205243952822e-4,3.2100879328676886e-4,2.863229344327746e-4,3.3955936401700785e-4,2.851095620612638e-4,0.003248252448185589,0.001632144756671567,1.0021005789574111,2.9077616370161403e-4,4.2452247834910353e-4,3.7940720657638724e-4,7.07038538130814e-4,1.6207341843551054e-4,2.4950695187008875e-4,2.1549446876280054e-4,8.060488092838451e-5,2.834990624487481e-4,2.177235022301118e-4,5.972149594110996e-4,5.239388233422636e-4,3.064677746255598e-4,3.8345859224778585e-4,0
ISIC 41T43,0.006238735526524253,0,0.0027564655155838825,0.03376240187755685,0.021302481073322065,0.004862950984926553,0.003059679637351458,0.005039054882910109,0.0072035283789823705,0.016862078985926,0.0044150200497140675,0.0044150200497140675,0.005362847191544881,0.009623736858943226,0.009623736858943228,0.006972658427071538,0.0069351496484914375,0.005500672714146656,0.0022251207975690066,0.0027727526633442284,0.0039043801825960458,0.002900489227998424,0.0023653425669052978,0.0034610673084621004,0.012437333759941632,0.01697702378168082,0.006143290829805442,1.0018531248445919,0.0057601063776403765,0.016233776413870173,0.006634344668596241,0.00241674367434032,0.004397253470212819,0.0028809979440221636,0.003001634006877453,0.03131335867533374,0.0035842587292016187,0.022680533239165888,0.008508545140611867,0.0043778880453274405,0.007723211298999957,0
ISIC 45T47,0.04306450935347699,0,0.011320922292057571,0.019257851301724003,0.015724879179196915,0.039544371459868916,0.022572991519624996,0.037990682565889465,0.028428916328284037,0.01777520370519337,0.029626275366333266,0.029626275366333266,0.02922562825956961,0.019997532764231253,0.019997532764231257,0.03233997312710945,0.03239521465598017,0.021021441151414282,0.01188663745325644,0.025793248549070582,0.032417602880223856,0.043163281350477305,0.016205819274545192,0.024687835022747646,0.011226932002105759,0.008921528268122585,0.01655714110724273,0.05365287138860755,1.0116192142409635,0.02129806254214801,0.020475682433706694,0.010038730662365656,0.011231835837454676,0.007104685546600875,0.0032813980568960435,0.00573165368379286,0.01026469116329597,0.01090780399670262,0.0068024131614425045,0.011452050192356294,0.014724876661141216,0
ISIC 49T53,0.031507328825871934,0,0.008273360517720117,0.026060147087781312,0.01275490473144111,0.04217202092709905,0.02283657755235771,0.04419046815009035,0.03478008046673671,0.024058197631436525,0.02020591412898365,0.020205914128983645,0.03167981775175751,0.055441313851220295,0.0554413138512203,0.041825670805480206,0.0418930596088228,0.01878704261172576,0.005349205721511585,0.01575538584860396,0.01611532665289499,0.01735621711027015,0.008607532658940006,0.016982633022550653,0.031058055496527123,0.02708650606899092,0.0290544972960318,0.016855235069572164,0.03690442109428665,1.0973453959925543,0.013359245394461485,0.008398187557463547,0.005817657129247454,0.01953696082540902,0.005971540928737392,0.0046602805600640855,0.015584527402393375,0.01697513540337344,0.007708755686019199,0.013505063680611554,0.009810449903162094,0
ISIC 55T56,0.0019245155290223705,0,0.0016551174165690763,0.0018344984510840537,0.006185310702268097,0.0021758143872741284,0.0017975300924874809,0.002807118053352281,0.003385009342907021,0.0019330842785552755,0.0015208300749990358,0.0015208300749990356,0.003160412608110577,0.003747760653352029,0.0037477606533520284,0.0022499788594247784,0.002251180783096274,0.0026684635163079745,7.742453455212353e-4,0.0013943378575099008,0.002376819564957499,0.0016608159271109737,0.0011985560221592709,0.002660023236430872,0.0059675828161001665,0.003476195153008961,0.007996319940450448,0.001511094179517636,0.0054610191174346515,0.003609580785063266,1.0130182694479233,0.0030025203919840752,0.0028013119745727327,0.013310948071936236,0.006887361136399393,0.008095561090419768,0.012879058725378544,0.005808219051973915,0.006456014567944469,0.02218753741946683,0.005091744975451584,0
ISIC 58T60,0.0010269257960568848,0,0.0015484420500687093,0.0014395124773599534,0.002245665259355458,0.0012666802056127918,0.0011235869521615384,0.0015885007657309841,0.0018667465464297878,8.842182402005231e-4,8.735457028211903e-4,8.735457028211902e-4,0.0011024638487669481,0.0023816053516809797,0.0023816053516809797,9.506548301038956e-4,9.509068120400945e-4,0.0015554876872031379,6.258635371140873e-4,8.644725891941517e-4,0.0015892927788619439,8.603469539103584e-4,0.0012416991437959888,0.0014943140108376505,0.0015158702439962291,0.00515248069270257,0.0027671310221674596,0.0015147774753553776,0.0025025897680025686,0.0017356457003472108,0.003672271383529665,1.0238666385310349,0.03340419468439411,0.007070356215884991,0.0018128054793219493,8.992599067911011e-4,0.003640389010838301,0.007374829281375178,0.002834553363147109,0.0025197432798069698,0.0027168956468356775,0
ISIC 61,0.001498142944682967,0,0.0022563592984192423,0.002190882138736665,0.003529530888982651,0.001860090354355853,0.0017175262109962498,0.0022512070053639557,0.002395200458845272,0.0012871008567746445,0.0013225146879900101,0.0013225146879900101,0.0016068737954143093,0.0035523996440173992,0.003552399644017398,0.0013616837221620292,0.0013619666014436853,0.002220019025144817,9.234194469909853e-4,0.0012573724753774014,0.0022923798929426016,0.0012628752456778157,0.0016147809553454988,0.002162498338107051,0.0019856747095692968,0.007988402045846395,0.004004768654981819,0.0021639090554647932,0.003360117136247867,0.0024072708268443785,0.004579500042821085,0.01770044555343832,1.0410357555877814,0.009274842133425366,0.00245426317044764,0.0013548576659137143,0.00456854059913012,0.010308560317979235,0.0032048907777762954,0.0030898664461193603,0.0037855216949705616,0
ISIC 62T63,0.0034022865071644008,0,0.01477014784392857,0.01051417722694581,0.008081760931343612,0.007003462099740602,0.006980455158092985,0.00946556633556736,0.009371358508537332,0.00664831479700351,0.005170273323140182,0.005170273323140181,0.006611128220155144,0.012298959944327656,0.012298959944327656,0.006628122601787884,0.006628046016453599,0.010771955879694558,0.003991581129162018,0.0063807710708453395,0.012196752146926842,0.005606159151005669,0.01117589947097604,0.009933385182303148,0.013310184595084677,0.0083557859293954765,0.017490724896251367,0.006616920724421614,0.01479539424312255,0.011588184340608104,0.01801521933266847,0.02145061585355152,0.013870369566355975,1.0370965369802505,0.012417420967312251,0.0032622138059842302,0.023671377201238568,0.021715632128091463,0.01543871617957368,0.01067551109949408,0.013988254040172135,0
ISIC 64T66,0.007639667086969408,0,0.014686776369183854,0.01867180889454564,0.05396676069148409,0.00651001874964207,0.008070058352713629,0.005304909716749288,0.005213659342837299,0.0054122352848059935,0.0050703489599118225,0.005070348959911822,0.005611462142693725,0.007842208441083076,0.007842208441083076,0.009460110029588272,0.009475462884350434,0.00872207668352514,0.004083253671970821,0.008012205495091426,0.008941957731574602,0.0077984251505353215,0.0048530011300956955,0.0095909480171053,0.007244874240317992,0.01645993497513292,0.00864568142053091,0.0042585760267435015,0.011370592692379921,0.018521357117499616,0.013880732952608147,0.007054669617293887,0.008071128463954292,0.006998067606527058,1.0922190995670311,0.016192680359700215,0.0130806879226213,0.010457962503188272,0.0077673841982996,0.012629459845837335,0.010494804874575433,0
ISIC 68,0.016549391014128778,0,0.012692682976960967,0.009563649579704799,0.016577652902452878,0.015001891274692194,0.0168614788941049,0.01440521842764572,0.02253897082417127,0.008301113597162403,0.012500460572700723,0.012500460572700723,0.018613937224873596,0.015285045281605637,0.015285045281605639,0.00801812894373028,0.008017055634263467,0.019820477520105937,0.011970458835423537,0.010781837568908626,0.012709225988727793,0.00989649479825771,0.008392547359610435,0.017690133804658954,0.0218715981140124,0.01655704313211962,0.031656345731919854,0.016674177824957476,0.06789280178334245,0.021848569103103423,0.06487897065438539,0.028970514560418187,0.03866264148046971,0.029575090014541335,0.02801675831157785,1.0382867191237917,0.05331552572302832,0.016265528043510922,0.09843775355136734,0.07636034666531101,0.092363690912643,0
ISIC 69T82,0.013821127404102566,0,0.07013999315626546,0.06644354965607693,0.06877922638970624,0.037887500253119835,0.04584322593338477,0.021847369724107,0.03439476511623787,0.030289213320142675,0.0393227893221939,0.03932278932219389,0.028575654754334743,0.03509758200017293,0.03509758200017293,0.024638941414534314,0.0246175109579607,0.0368357647059515,0.023497955084476312,0.027357732855881587,0.04407521160609065,0.029615456947373536,0.02861695537345165,0.04257873968203351,0.03242713498887908,0.03621587743549182,0.05389643778027693,0.026559459509812512,0.060423638403447805,0.04866352939664043,0.06444727678503469,0.049058430930458405,0.04309280430262818,0.06661987709392073,0.03183206311554286,0.02157928702042016,1.06509826746701,0.028110430267587257,0.03187804673732167,0.05456555912955908,0.04143966222290024,0
ISIC 84,0.003706333339530904,0,0.005052488286879811,0.006975167400597292,0.005305552937968172,0.005849070436704354,0.006230896629787206,0.004712876310679784,0.008645158923522262,0.004947030172154675,0.005885240861107386,0.005885240861107387,0.005255961838291983,0.007434411955762137,0.007434411955762138,0.005230486391346986,0.0052315614893772054,0.004563963647730743,0.0019913636199370014,0.0032454695063177277,0.004367490406711668,0.0032006627057224097,0.0030838480779832047,0.004341269958121299,0.006923444331277687,0.00698789826290457,0.012335236441331936,0.002894251305430741,0.007511962883530235,0.006239610402699333,0.009627865120752017,0.004349312364523918,0.004636805605960146,0.006185580243378694,0.00399313906609325,0.0037449570941236895,0.0071397351450659076,1.0076421798525692,0.005760164090941604,0.008427951369439045,0.007139235881541276,0
ISIC 85,1.9413741861841973e-4,0,6.362667711665117e-4,6.054708344680011e-4,7.435344025993574e-4,3.92246446956901e-4,4.3230756724440097e-4,3.0881222790086517e-4,4.2853235657886325e-4,3.2988441887798917e-4,3.710905282149036e-4,3.710905282149036e-4,3.5309900868100443e-4,4.488484104794813e-4,4.488484104794813e-4,2.990563256236579e-4,2.9893940025709653e-4,4.15054026616989e-4,2.178830978518023e-4,2.825296601141055e-4,4.657308403697207e-4,3.079916346090248e-4,3.056999847744611e-4,4.5017448146295296e-4,5.322806825582666e-4,4.567082022888547e-4,7.686822979970177e-4,2.915161489781226e-4,8.634259929595182e-4,5.541788244385747e-4,9.7794743356328e-4,5.575341328724363e-4,4.869352326960479e-4,0.0011138646245703882,5.148147507031023e-4,4.4005604412104403e-4,0.001015609772710152,9.801228412256813e-4,1.0014778144853116,0.0011472158324904985,0.0010907453345429243,0
ISIC 86T88,2.1322485134119562e-4,0,3.4384026128182716e-4,3.709564817639688e-4,3.4408719227218654e-4,2.957603716178671e-4,2.669911442550059e-4,2.6155669753638214e-4,2.812749827018424e-4,2.1734855804266632e-4,2.5750974005451404e-4,2.5750974005451404e-4,2.3936259338641774e-4,2.7669436757551437e-4,2.766943675755144e-4,2.3582711681939523e-4,2.358972026414625e-4,2.5944378029911156e-4,1.3464506002398637e-4,2.0984304220315978e-4,3.193578365600061e-4,2.6361281450137323e-4,2.1220904567644997e-4,2.786196726187433e-4,2.614010846741617e-4,2.2623099794457318e-4,3.704550372184853e-4,2.905462232902006e-4,3.4185559800185643e-4,3.162941391758835e-4,4.2854637928389224e-4,3.073483678439525e-4,2.4088132399196173e-4,4.973697627726877e-4,2.11202676510259e-4,1.6750520091495875e-4,4.619097814300464e-4,0.003787701032955114,2.555714314883725e-4,1.0100481857725865,3.9299375685259244e-4,0
ISIC 90T96,0.002768019452554771,0,0.002291908793237225,0.003242038733917703,0.006350192006115336,0.00429211032062838,0.0032092821814060295,0.005098825577587985,0.007050337740526332,0.004966570827140843,0.004268233020337775,0.004268233020337774,0.0055383981703385115,0.00894483173615123,0.00894483173615123,0.006528972944659371,0.006534898852525285,0.005929674656741522,0.0022064933767451003,0.002795941708800473,0.004395247806276492,0.0032323244293393917,0.0026176081402122255,0.0041529631925195844,0.0035235745114359277,0.009101408257451725,0.024008035772068996,0.005017699275911068,0.009486797361477966,0.01000724826023595,0.01275903492376236,0.011537606141487073,0.024586343028238686,0.007010636551422183,0.006495725011104143,0.007850188825251894,0.01312517494225401,0.01067768971101597,0.009520142015631573,0.009411747798170953,1.0151823072345856,0
ISIC 97T98,0,0,0,0,0,0,0,0,0,0,0,0,0,0,0,0,0,0,0,0,0,0,0,0,0,0,0,0,0,0,0,0,0,0,0,0,0,0,0,0,0,1
