Pollutant:,OC,Unit: grams,,,,,,,,,,,,,,,,,,,,,,,,,,,,,,,,,,
,2015.0,2016.0,2017.0,2018.0,2019.0,2020.0,2021.0,2022.0,2023.0,2024.0,2025.0,2026.0,2027.0,2028.0,2029.0,2030.0,2031.0,2032.0,2033.0,2034.0,2035.0,2036.0,2037.0,2038.0,2039.0,2040.0,2041.0,2042.0,2043.0,2044.0,2045.0,2046.0,2047.0,2048.0,2049.0,2050.0
agriculture and forestry 01T03,0.0,0.0,0.0,0.0,0.0,602796.9924812029,606947.3684210526,611097.7443609022,646225.7217847769,659859.0802604746,666816.29021165,672261.7182424318,677552.0242010464,682323.4485344301,687619.7468188406,692752.1414230828,691527.4517710989,691950.5617590623,689005.2710737425,687725.1016067018,686269.983593396,685699.0116383282,684917.3716061597,684939.1330128703,684945.3406458582,684918.4266742435,684654.7529425095,685643.5307848933,686343.2525311083,687360.8779218524,689186.4671995917,695062.8047986281,701004.723333804,707141.0185365451,712445.5607453738,717887.3569056559
coal mining 05,0.0,0.0,0.0,0.0,0.0,0.0,0.0,0.0,0.0,0.0,0.0,0.0,0.0,0.0,0.0,0.0,0.0,0.0,0.0,0.0,0.0,0.0,0.0,0.0,0.0,0.0,0.0,0.0,0.0,0.0,0.0,0.0,0.0,0.0,0.0,0.0
oil and gas extraction 06,0.0,0.0,0.0,0.0,0.0,1608334.4227353465,1637414.760213144,1551427.2178586193,1556497.5493421054,1684242.4312261788,1713327.5326487909,1653862.3613810383,1686654.8547077752,1739619.0171634988,1777131.6687107296,1825521.1306053698,1860041.7175104949,1888420.5976849543,1901789.4819860724,1907016.3510153447,1920525.5291458594,1918096.5276290006,1922540.1450984557,1929807.1078210003,1931527.8282533446,1963433.629245336,1970683.3642779177,1988098.8885743532,1992834.6915312991,2001506.9965532694,2016134.4435191953,2032325.7262555987,2039738.6389032514,2031465.6723722236,2040779.7766812947,2059148.193969597
other mining and quarrying 07T08,0.0,0.0,0.0,0.0,0.0,0.0,0.0,0.0,0.0,0.0,0.0,0.0,0.0,0.0,0.0,0.0,0.0,0.0,0.0,0.0,0.0,0.0,0.0,0.0,0.0,0.0,0.0,0.0,0.0,0.0,0.0,0.0,0.0,0.0,0.0,0.0
food beverage and tobacco 10T12,0.0,0.0,0.0,0.0,0.0,0.0,0.0,0.0,0.0,0.0,0.0,0.0,0.0,0.0,0.0,0.0,0.0,0.0,0.0,0.0,0.0,0.0,0.0,0.0,0.0,0.0,0.0,0.0,0.0,0.0,0.0,0.0,0.0,0.0,0.0,0.0
textiles apparel and leather 13T15,0.0,0.0,0.0,0.0,0.0,0.0,0.0,0.0,0.0,0.0,0.0,0.0,0.0,0.0,0.0,0.0,0.0,0.0,0.0,0.0,0.0,0.0,0.0,0.0,0.0,0.0,0.0,0.0,0.0,0.0,0.0,0.0,0.0,0.0,0.0,0.0
wood products 16,0.0,0.0,0.0,0.0,0.0,0.0,0.0,0.0,0.0,0.0,0.0,0.0,0.0,0.0,0.0,0.0,0.0,0.0,0.0,0.0,0.0,0.0,0.0,0.0,0.0,0.0,0.0,0.0,0.0,0.0,0.0,0.0,0.0,0.0,0.0,0.0
pulp paper and printing 17T18,0.0,0.0,0.0,0.0,0.0,50581548.25026511,51308948.03817603,54361368.64927584,56332142.90577023,55765031.811090775,55717064.54265267,55932171.68224743,55888523.70273859,56122315.27073944,56505430.831364565,56794760.161285855,57361651.3829264,57910719.880447164,58239886.65346495,58661268.03037099,59068217.964848064,59185206.30867821,59410979.75558955,59982594.25167735,60013411.14857882,60562129.89940204,61327912.43693096,61912300.54659121,62351940.975631475,62587821.576357014,62787674.051818036,63005511.30068614,62994723.69110569,63086287.228810966,63258435.97252513,63468376.67840902
refined petroleum and coke 19,0.0,0.0,0.0,0.0,0.0,61329.51764180438,61505.67664135775,61695.613133794956,57068.66224559799,74668.8308482687,78471.46724812829,82913.36726378313,86336.82123408324,85772.84628023325,83967.6304388034,83495.41366575657,82315.9943595107,84414.74177980809,84891.94885764144,84749.76990404518,86246.70032309779,86392.8100805632,87392.039746064,86432.55696651064,86497.10759999587,86648.91779497666,85782.30649936004,86564.24289781005,86206.81000296738,86776.99411874147,87047.69236617716,93442.6371510957,93399.65604772992,89418.40096310973,86984.89391748066,87867.93950901178
chemicals 20,0.0,0.0,0.0,0.0,0.0,24308890.16924739,16979419.757732164,15893557.847638285,17300743.141891893,19328886.930974193,17202442.229962718,15752242.970247524,16432227.46630275,17185497.319882337,17928195.044741377,18590297.891291883,19066764.162168562,19519742.758240692,20186922.3996343,20733665.495291505,21204113.407557756,21846669.28225208,22454602.442744642,22942707.703240752,23302441.465253912,23709993.69420954,24136402.774200518,24960263.00667819,25804913.61717644,26453268.291758154,27190040.910184775,27520970.101456046,27675208.921958208,27808215.7206534,28264448.2750459,28855212.8921249
rubber and plastic products 22,0.0,0.0,0.0,0.0,0.0,0.0,0.0,0.0,0.0,0.0,0.0,0.0,0.0,0.0,0.0,0.0,0.0,0.0,0.0,0.0,0.0,0.0,0.0,0.0,0.0,0.0,0.0,0.0,0.0,0.0,0.0,0.0,0.0,0.0,0.0,0.0
glass and glass products 231,0.0,0.0,0.0,0.0,0.0,0.0,0.0,0.0,0.0,0.0,0.0,0.0,0.0,0.0,0.0,0.0,0.0,0.0,0.0,0.0,0.0,0.0,0.0,0.0,0.0,0.0,0.0,0.0,0.0,0.0,0.0,0.0,0.0,0.0,0.0,0.0
cement and other nonmetallic minerals 239,0.0,0.0,0.0,0.0,0.0,35502227.53449962,37152015.64707161,35425892.85714286,36928430.404738404,42015379.96169277,38238572.017823264,35399467.41746365,33641942.76960218,32207816.221518572,31776010.54937663,31284794.39776092,30847255.752073336,30453889.97046304,25265236.249065746,24299604.438903574,23225656.242190495,22201500.59927152,21564843.498688854,21024612.098380443,20152632.5874867,19590577.622542083,18980164.45073956,18453792.06003081,18058830.46440399,17767015.200085457,17308051.436868593,17013361.914264217,16749536.913467638,16468221.976084916,16268982.273720363,16121086.956216222
iron and steel 241,0.0,0.0,0.0,0.0,0.0,38647454.17515275,39093568.22810591,46113976.24703088,44887857.798165135,43514665.32904841,40608162.33525809,36532943.37908377,35011698.87461178,35498089.90767625,35613002.35940931,35202314.08039501,34443130.42987486,33163170.762335286,33163648.230999496,33728119.59108366,33882770.06639722,34238822.83326021,34616012.308035664,34940405.88025329,35359434.53713685,35661034.7218173,35765080.55444814,36119768.208218604,36784808.74766109,37169599.546861604,37286954.91454273,37177348.07008694,36740487.88209659,36237660.07308165,36257559.725927375,36597181.308341764
other metals 242,0.0,0.0,0.0,0.0,0.0,0.0,0.0,0.0,0.0,0.0,0.0,0.0,0.0,0.0,0.0,0.0,0.0,0.0,0.0,0.0,0.0,0.0,0.0,0.0,0.0,0.0,0.0,0.0,0.0,0.0,0.0,0.0,0.0,0.0,0.0,0.0
metal products except machinery and vehicles 25,0.0,0.0,0.0,0.0,0.0,0.0,0.0,0.0,0.0,0.0,0.0,0.0,0.0,0.0,0.0,0.0,0.0,0.0,0.0,0.0,0.0,0.0,0.0,0.0,0.0,0.0,0.0,0.0,0.0,0.0,0.0,0.0,0.0,0.0,0.0,0.0
computers and electronics 26,0.0,0.0,0.0,0.0,0.0,0.0,0.0,0.0,0.0,0.0,0.0,0.0,0.0,0.0,0.0,0.0,0.0,0.0,0.0,0.0,0.0,0.0,0.0,0.0,0.0,0.0,0.0,0.0,0.0,0.0,0.0,0.0,0.0,0.0,0.0,0.0
appliances and electrical equipment 27,0.0,0.0,0.0,0.0,0.0,0.0,0.0,0.0,0.0,0.0,0.0,0.0,0.0,0.0,0.0,0.0,0.0,0.0,0.0,0.0,0.0,0.0,0.0,0.0,0.0,0.0,0.0,0.0,0.0,0.0,0.0,0.0,0.0,0.0,0.0,0.0
other machinery 28,0.0,0.0,0.0,0.0,0.0,0.0,0.0,0.0,0.0,0.0,0.0,0.0,0.0,0.0,0.0,0.0,0.0,0.0,0.0,0.0,0.0,0.0,0.0,0.0,0.0,0.0,0.0,0.0,0.0,0.0,0.0,0.0,0.0,0.0,0.0,0.0
road vehicles 29,0.0,0.0,0.0,0.0,0.0,0.0,0.0,0.0,0.0,0.0,0.0,0.0,0.0,0.0,0.0,0.0,0.0,0.0,0.0,0.0,0.0,0.0,0.0,0.0,0.0,0.0,0.0,0.0,0.0,0.0,0.0,0.0,0.0,0.0,0.0,0.0
nonroad vehicles 30,0.0,0.0,0.0,0.0,0.0,0.0,0.0,0.0,0.0,0.0,0.0,0.0,0.0,0.0,0.0,0.0,0.0,0.0,0.0,0.0,0.0,0.0,0.0,0.0,0.0,0.0,0.0,0.0,0.0,0.0,0.0,0.0,0.0,0.0,0.0,0.0
other manufacturing 31T33,0.0,0.0,0.0,0.0,0.0,62127689.35097669,62647037.80718336,68116167.1363681,74061644.42756648,72853004.49966118,70881614.73612079,69879744.46385162,69734802.64822479,69984799.94808547,71034673.79162325,72318634.07831521,73569311.71469992,75681301.15371352,77490061.45505415,79364017.35773718,80961378.21322083,81920544.79690112,83151059.81774822,84956508.60831033,86065250.54026455,87728103.14940305,89348966.0333343,90723569.55810975,91810638.72049896,92882919.44530262,94118324.84005788,96262735.59910499,97601781.07682078,98758383.75898357,100037209.54936266,101347830.58681028
energy pipelines and gas processing 352T353,0.0,0.0,0.0,0.0,0.0,6970460.2478551,6943804.766444232,8011581.759964668,8760459.096459096,10060807.958726594,10247159.455300428,10305560.244844,10980478.819929939,11828734.15201783,11961664.452373428,12153120.092753008,12012213.826807572,11762705.80534514,11340808.284021297,11058138.385893332,10942801.164734477,10931700.478144983,10941186.013680885,10806154.193057673,10855479.63665418,10802899.838180684,10692164.622132909,10682025.594339935,10742581.938750347,10794734.773470877,10853446.497705067,10890084.140512735,10817652.999169243,10772664.329689106,10826137.502671305,10946954.446571637
water and waste 36T39,0.0,0.0,0.0,0.0,0.0,0.0,0.0,0.0,0.0,0.0,0.0,0.0,0.0,0.0,0.0,0.0,0.0,0.0,0.0,0.0,0.0,0.0,0.0,0.0,0.0,0.0,0.0,0.0,0.0,0.0,0.0,0.0,0.0,0.0,0.0,0.0
construction 41T43,0.0,0.0,0.0,0.0,0.0,0.0,0.0,0.0,0.0,0.0,0.0,0.0,0.0,0.0,0.0,0.0,0.0,0.0,0.0,0.0,0.0,0.0,0.0,0.0,0.0,0.0,0.0,0.0,0.0,0.0,0.0,0.0,0.0,0.0,0.0,0.0
