Pollutant:,PM25,Unit: grams,,,,,,,,,,,,,,,,,,,,,,,,,,,,,,,,,,
,2015.0,2016.0,2017.0,2018.0,2019.0,2020.0,2021.0,2022.0,2023.0,2024.0,2025.0,2026.0,2027.0,2028.0,2029.0,2030.0,2031.0,2032.0,2033.0,2034.0,2035.0,2036.0,2037.0,2038.0,2039.0,2040.0,2041.0,2042.0,2043.0,2044.0,2045.0,2046.0,2047.0,2048.0,2049.0,2050.0
agriculture and forestry 01T03,0.0,0.0,0.0,0.0,0.0,1908857.1428571427,1922000.0,1935142.857142857,2046381.4523184602,2089553.7541581686,2111584.9190035574,2128828.7744343667,2145581.4099699794,2160690.920359029,2177462.5315929954,2193715.1145064295,2189836.9306084793,2191176.778903698,2181850.025066851,2177796.1550878896,2173188.281379087,2171380.203521373,2168905.010086173,2168973.921207423,2168993.578711884,2168908.3511351044,2168073.3843179466,2171204.5141521622,2173420.299681843,2176642.7800858654,2182423.8127987063,2201032.2151956563,2219848.290557047,2239279.892032392,2256077.609027018,2273309.9635345777
coal mining 05,0.0,0.0,0.0,0.0,0.0,0.0,0.0,0.0,0.0,0.0,0.0,0.0,0.0,0.0,0.0,0.0,0.0,0.0,0.0,0.0,0.0,0.0,0.0,0.0,0.0,0.0,0.0,0.0,0.0,0.0,0.0,0.0,0.0,0.0,0.0,0.0
oil and gas extraction 06,0.0,0.0,0.0,0.0,0.0,4500590.799289521,4581966.1012433395,4341347.771806532,4355536.044407895,4713003.640659421,4794392.2735262,4627991.306847479,4719754.308164747,4867963.548028495,4972934.934590805,5108342.822345395,5204941.535657178,5284353.95461796,5321764.008666329,5336390.3191709705,5374192.956446342,5367395.898742607,5379830.441966883,5400165.532172961,5404980.6119452305,5494262.388395866,5514549.2704794,5563283.008503885,5576535.172303892,5600802.821891428,5641734.702911531,5687042.654468161,5707786.155313726,5684635.971790917,5710699.563768099,5762099.77548815
other mining and quarrying 07T08,0.0,0.0,0.0,0.0,0.0,0.0,0.0,0.0,0.0,0.0,0.0,0.0,0.0,0.0,0.0,0.0,0.0,0.0,0.0,0.0,0.0,0.0,0.0,0.0,0.0,0.0,0.0,0.0,0.0,0.0,0.0,0.0,0.0,0.0,0.0,0.0
food beverage and tobacco 10T12,0.0,0.0,0.0,0.0,0.0,0.0,0.0,0.0,0.0,0.0,0.0,0.0,0.0,0.0,0.0,0.0,0.0,0.0,0.0,0.0,0.0,0.0,0.0,0.0,0.0,0.0,0.0,0.0,0.0,0.0,0.0,0.0,0.0,0.0,0.0,0.0
textiles apparel and leather 13T15,0.0,0.0,0.0,0.0,0.0,0.0,0.0,0.0,0.0,0.0,0.0,0.0,0.0,0.0,0.0,0.0,0.0,0.0,0.0,0.0,0.0,0.0,0.0,0.0,0.0,0.0,0.0,0.0,0.0,0.0,0.0,0.0,0.0,0.0,0.0,0.0
wood products 16,0.0,0.0,0.0,0.0,0.0,0.0,0.0,0.0,0.0,0.0,0.0,0.0,0.0,0.0,0.0,0.0,0.0,0.0,0.0,0.0,0.0,0.0,0.0,0.0,0.0,0.0,0.0,0.0,0.0,0.0,0.0,0.0,0.0,0.0,0.0,0.0
pulp paper and printing 17T18,0.0,0.0,0.0,0.0,0.0,227979144.57405442,231257651.99717212,245015400.89713985,253897996.32346317,251341935.72990862,251125739.56343374,252095261.91640615,251898533.4773798,252952269.54369685,254679032.77664843,255983086.43687412,258538156.02740368,261012895.74391067,262496503.14484468,264395736.54456517,266229925.12035802,266757210.33550343,267774807.44502085,270351165.5904745,270490062.2837758,272963225.6358637,276414730.2630412,279048661.132069,281030191.00610256,282093342.6777151,282994109.8146003,283975937.20761716,283927315.7223281,284340007.26148266,285115909.2393595,286062145.64758235
refined petroleum and coke 19,0.0,0.0,0.0,0.0,0.0,406495.0346136668,407662.6250558285,408921.53339289705,378253.87720100617,494908.6532443172,520112.7127970455,549553.8427788554,572244.6626917592,568506.6091866678,556541.5505303617,553411.6747236426,545594.426029196,559505.0263088499,562667.9780991233,561725.609059129,571647.3368976053,572615.7594973915,579238.7024632412,572879.2037963237,573307.0485438751,574313.2539215831,568569.3119805144,573752.0245726799,571382.9419099117,575162.1500431218,576956.3512319182,619342.3572148841,619057.4763651369,592669.523456709,576540.1200506185,582392.9893066817
chemicals 20,0.0,0.0,0.0,0.0,0.0,209305950.3060857,195360523.84882766,184955658.99046332,201106631.37846732,219062309.10832128,200246607.16720626,187014818.23073253,192449557.06312346,198705569.29751712,205121447.86995068,211169591.64136967,215519765.24440512,219853505.63671905,225466011.76694956,229934927.26148933,233953895.07481354,239298092.01333272,244430331.81118646,248672102.53225166,251517000.0856486,255067357.8710589,258952837.0358796,266435645.10720143,273710086.2307501,279293145.06260365,285494810.28749543,288524186.51478714,289529302.35963434,290560827.0120744,294681274.7170634,299933200.219581
rubber and plastic products 22,0.0,0.0,0.0,0.0,0.0,0.0,0.0,0.0,0.0,0.0,0.0,0.0,0.0,0.0,0.0,0.0,0.0,0.0,0.0,0.0,0.0,0.0,0.0,0.0,0.0,0.0,0.0,0.0,0.0,0.0,0.0,0.0,0.0,0.0,0.0,0.0
glass and glass products 231,0.0,0.0,0.0,0.0,0.0,0.0,0.0,0.0,0.0,0.0,0.0,0.0,0.0,0.0,0.0,0.0,0.0,0.0,0.0,0.0,0.0,0.0,0.0,0.0,0.0,0.0,0.0,0.0,0.0,0.0,0.0,0.0,0.0,0.0,0.0,0.0
cement and other nonmetallic minerals 239,0.0,0.0,0.0,0.0,0.0,281453770.50961643,294532924.0465066,280848606.1507937,292760389.93089837,333088595.5851976,303146901.4968544,280639111.13733685,266705846.29012394,255336409.71170557,251913150.29978037,248018897.80891576,244550188.65671462,241431672.15472654,200297178.485649,192641864.07952994,184127841.43114343,176008563.08422485,170961287.070161,166678452.57993826,159765592.79079738,155309745.9298197,150470525.95114085,146297562.60924423,143166394.8483582,140852948.28067744,137214385.55784166,134878152.50919458,132786606.53065738,130556404.2215176,128976876.1366609,127804394.92511417
iron and steel 241,0.0,0.0,0.0,0.0,0.0,373292464.35845214,377601441.9551935,445410964.37054634,433567990.82568806,420304441.860421,392230777.2847409,352868584.8863441,338175013.9361726,342873023.4493382,343982953.0218914,340016149.9548232,332683259.8110393,320320238.5261222,320324850.35523546,325777031.0890716,327270786.8428754,330709870.15691656,334353111.1303291,337486400.9829117,341533763.0486242,344446893.5146075,345451863.3398633,348877761.14294875,355301331.00454044,359017992.52239966,360151518.0117848,359092834.8475063,354873239.54335165,350016468.6128662,350208677.6628334,353489053.5673941
other metals 242,0.0,0.0,0.0,0.0,0.0,0.0,0.0,0.0,0.0,0.0,0.0,0.0,0.0,0.0,0.0,0.0,0.0,0.0,0.0,0.0,0.0,0.0,0.0,0.0,0.0,0.0,0.0,0.0,0.0,0.0,0.0,0.0,0.0,0.0,0.0,0.0
metal products except machinery and vehicles 25,0.0,0.0,0.0,0.0,0.0,0.0,0.0,0.0,0.0,0.0,0.0,0.0,0.0,0.0,0.0,0.0,0.0,0.0,0.0,0.0,0.0,0.0,0.0,0.0,0.0,0.0,0.0,0.0,0.0,0.0,0.0,0.0,0.0,0.0,0.0,0.0
computers and electronics 26,0.0,0.0,0.0,0.0,0.0,0.0,0.0,0.0,0.0,0.0,0.0,0.0,0.0,0.0,0.0,0.0,0.0,0.0,0.0,0.0,0.0,0.0,0.0,0.0,0.0,0.0,0.0,0.0,0.0,0.0,0.0,0.0,0.0,0.0,0.0,0.0
appliances and electrical equipment 27,0.0,0.0,0.0,0.0,0.0,0.0,0.0,0.0,0.0,0.0,0.0,0.0,0.0,0.0,0.0,0.0,0.0,0.0,0.0,0.0,0.0,0.0,0.0,0.0,0.0,0.0,0.0,0.0,0.0,0.0,0.0,0.0,0.0,0.0,0.0,0.0
other machinery 28,0.0,0.0,0.0,0.0,0.0,0.0,0.0,0.0,0.0,0.0,0.0,0.0,0.0,0.0,0.0,0.0,0.0,0.0,0.0,0.0,0.0,0.0,0.0,0.0,0.0,0.0,0.0,0.0,0.0,0.0,0.0,0.0,0.0,0.0,0.0,0.0
road vehicles 29,0.0,0.0,0.0,0.0,0.0,0.0,0.0,0.0,0.0,0.0,0.0,0.0,0.0,0.0,0.0,0.0,0.0,0.0,0.0,0.0,0.0,0.0,0.0,0.0,0.0,0.0,0.0,0.0,0.0,0.0,0.0,0.0,0.0,0.0,0.0,0.0
nonroad vehicles 30,0.0,0.0,0.0,0.0,0.0,0.0,0.0,0.0,0.0,0.0,0.0,0.0,0.0,0.0,0.0,0.0,0.0,0.0,0.0,0.0,0.0,0.0,0.0,0.0,0.0,0.0,0.0,0.0,0.0,0.0,0.0,0.0,0.0,0.0,0.0,0.0
other manufacturing 31T33,0.0,0.0,0.0,0.0,0.0,546043538.1222433,550608119.0926275,598676585.1912981,650931698.6491815,640308898.5830004,622982249.9864252,614176759.3280036,612902858.0666895,615100097.5192266,624327494.0970837,635612288.7687964,646604560.4717379,665166947.0308263,681064236.7075679,697534533.9627163,711573822.7612873,720003988.4486449,730819049.8603139,746687234.4941846,756432025.8056493,771046925.0809191,785292774.4469385,797374237.3184026,806928545.515208,816352877.354178,827210920.5200292,846058259.7706884,857827201.091328,867992643.0603994,879232310.3732411,890751427.7893488
energy pipelines and gas processing 352T353,0.0,0.0,0.0,0.0,0.0,85087024.40419447,84761646.23450905,97795788.0092746,106937184.98168498,122810285.38588962,125085041.10831343,125797927.95199737,134036525.00688379,144391009.44204843,146013663.227915,148350724.22045282,146630709.40609494,143585014.52278382,138434995.2390505,134984499.910891,133576601.35003538,133441097.4726502,133556885.52177924,131908578.89521965,132510684.79265085,131868853.63132139,130517130.83322349,130393365.73384993,131132565.00785235,131769184.30741431,132485866.66913699,132933095.10124053,132048942.53857239,131499774.78180239,132152511.18839847,133627299.63687299
water and waste 36T39,0.0,0.0,0.0,0.0,0.0,0.0,0.0,0.0,0.0,0.0,0.0,0.0,0.0,0.0,0.0,0.0,0.0,0.0,0.0,0.0,0.0,0.0,0.0,0.0,0.0,0.0,0.0,0.0,0.0,0.0,0.0,0.0,0.0,0.0,0.0,0.0
construction 41T43,0.0,0.0,0.0,0.0,0.0,0.0,0.0,0.0,0.0,0.0,0.0,0.0,0.0,0.0,0.0,0.0,0.0,0.0,0.0,0.0,0.0,0.0,0.0,0.0,0.0,0.0,0.0,0.0,0.0,0.0,0.0,0.0,0.0,0.0,0.0,0.0
