Pollutant:,NOX,Unit: grams,,,,,,,,,,,,,,,,,,,,,,,,,,,,,,,,,,
,2015.0,2016.0,2017.0,2018.0,2019.0,2020.0,2021.0,2022.0,2023.0,2024.0,2025.0,2026.0,2027.0,2028.0,2029.0,2030.0,2031.0,2032.0,2033.0,2034.0,2035.0,2036.0,2037.0,2038.0,2039.0,2040.0,2041.0,2042.0,2043.0,2044.0,2045.0,2046.0,2047.0,2048.0,2049.0,2050.0
agriculture and forestry 01T03,0.0,0.0,0.0,0.0,0.0,100466.16541353383,101157.89473684209,101849.62406015037,107704.28696412948,109976.51337674572,111136.04836860832,112043.61970707194,112925.33736684103,113720.57475573836,114603.29113647345,115458.6902371805,115254.57529518314,115325.0936265104,114834.21184562377,114620.85026778365,114378.33059889934,114283.16860638805,114152.89526769328,114156.5221688117,114157.55677430968,114153.07111237389,114109.12549041826,114273.92179748225,114390.54208851805,114560.14632030869,114864.41119993196,115843.80079977136,116834.12055563404,117856.83642275748,118740.92679089568,119647.89281760933
coal mining 05,0.0,0.0,0.0,0.0,0.0,0.0,0.0,0.0,0.0,0.0,0.0,0.0,0.0,0.0,0.0,0.0,0.0,0.0,0.0,0.0,0.0,0.0,0.0,0.0,0.0,0.0,0.0,0.0,0.0,0.0,0.0,0.0,0.0,0.0,0.0,0.0
oil and gas extraction 06,0.0,0.0,0.0,0.0,0.0,221538312.6820604,225543952.8063943,213699690.33484912,214398097.74671054,231994180.49313048,236000476.82197082,227809510.11766902,232326477.19711977,239621969.36416784,244789109.61219516,251454464.5210949,256209466.0106168,260118484.64553693,261959967.37987667,262679936.8893185,264540744.24781898,264206164.02001297,264818245.3772679,265819225.42042202,266056244.22434145,270451074.8121951,271449681.84553754,273848564.69761497,274500892.8337574,275695450.255692,277710292.3643165,279940543.3661452,280961627.1263419,279822076.1596705,281105037.54108953,283635175.623796
other mining and quarrying 07T08,0.0,0.0,0.0,0.0,0.0,0.0,0.0,0.0,0.0,0.0,0.0,0.0,0.0,0.0,0.0,0.0,0.0,0.0,0.0,0.0,0.0,0.0,0.0,0.0,0.0,0.0,0.0,0.0,0.0,0.0,0.0,0.0,0.0,0.0,0.0,0.0
food beverage and tobacco 10T12,0.0,0.0,0.0,0.0,0.0,0.0,0.0,0.0,0.0,0.0,0.0,0.0,0.0,0.0,0.0,0.0,0.0,0.0,0.0,0.0,0.0,0.0,0.0,0.0,0.0,0.0,0.0,0.0,0.0,0.0,0.0,0.0,0.0,0.0,0.0,0.0
textiles apparel and leather 13T15,0.0,0.0,0.0,0.0,0.0,0.0,0.0,0.0,0.0,0.0,0.0,0.0,0.0,0.0,0.0,0.0,0.0,0.0,0.0,0.0,0.0,0.0,0.0,0.0,0.0,0.0,0.0,0.0,0.0,0.0,0.0,0.0,0.0,0.0,0.0,0.0
wood products 16,0.0,0.0,0.0,0.0,0.0,0.0,0.0,0.0,0.0,0.0,0.0,0.0,0.0,0.0,0.0,0.0,0.0,0.0,0.0,0.0,0.0,0.0,0.0,0.0,0.0,0.0,0.0,0.0,0.0,0.0,0.0,0.0,0.0,0.0,0.0,0.0
pulp paper and printing 17T18,0.0,0.0,0.0,0.0,0.0,525465535.52492046,533022115.58854717,564732134.0941682,585205488.2304192,579314064.4726204,578815757.3375206,581050394.1213365,580596957.8442634,583025697.4880747,587005686.835885,590011379.5548573,595900519.16541,601604507.7159799,605024051.0206848,609401564.1363494,613629156.4629784,614844487.8410674,617189931.3731948,623128138.6383119,623448279.4365615,629148634.6496382,637103953.2410607,643174858.9689298,647742055.9305774,650192497.4545679,652268661.4249653,654531659.901552,654419593.0067791,655370799.2280042,657159163.4622926,659340128.8392308
refined petroleum and coke 19,0.0,0.0,0.0,0.0,0.0,1764690.7079053149,1769759.4930772667,1775224.7107438017,1642089.1904870798,2148515.0549802487,2257931.8151049153,2385742.6961369794,2484248.890912791,2468021.1200315147,2416077.981659866,2402490.4534425433,2368553.935261981,2428943.1281538964,2442674.2470079134,2438583.2010007305,2481655.7589215552,2485859.9095695266,2514611.6652260977,2487003.5833337535,2488860.958175116,2493229.132762963,2468293.3276312104,2490792.7039442095,2480507.95799345,2496914.390810654,2504703.4408515496,2688711.0781759457,2687474.343294578,2572918.023209629,2502896.483237227,2528305.1675046138
chemicals 20,0.0,0.0,0.0,0.0,0.0,519623599.567879,62504530.403042786,45742462.53611573,51165281.75488969,91506871.13476072,49147294.33746585,22702022.943794817,39804628.36495969,57311015.562095575,73058149.70081922,85088981.60266592,93760284.91201063,100794050.79641064,115862797.32020918,129008561.1900167,139258594.94961983,154144997.91836658,167764810.76418543,177959806.91406608,187192530.22579727,195652374.8962351,203459540.77691895,218692076.27874833,236736357.03347823,250592113.24823236,267209916.50276735,273183872.1626306,278454288.2631621,281992258.1779375,290570269.0936002,302188280.04576606
rubber and plastic products 22,0.0,0.0,0.0,0.0,0.0,0.0,0.0,0.0,0.0,0.0,0.0,0.0,0.0,0.0,0.0,0.0,0.0,0.0,0.0,0.0,0.0,0.0,0.0,0.0,0.0,0.0,0.0,0.0,0.0,0.0,0.0,0.0,0.0,0.0,0.0,0.0
glass and glass products 231,0.0,0.0,0.0,0.0,0.0,0.0,0.0,0.0,0.0,0.0,0.0,0.0,0.0,0.0,0.0,0.0,0.0,0.0,0.0,0.0,0.0,0.0,0.0,0.0,0.0,0.0,0.0,0.0,0.0,0.0,0.0,0.0,0.0,0.0,0.0,0.0
cement and other nonmetallic minerals 239,0.0,0.0,0.0,0.0,0.0,4209341331.087689,4404949375.203737,4200290667.65873,4378439866.732478,4981576867.035859,4533777534.944335,4197157520.7223663,3988775634.446086,3818737623.5355835,3767540344.126036,3709299028.2118554,3657422015.608879,3610782383.1757145,2995586772.1128407,2881096100.0788445,2753762835.497671,2632333252.719629,2556847649.8906536,2492794813.7845316,2389408078.642354,2322767719.4709363,2250393742.6377416,2187984107.704253,2141155266.6956491,2106556027.7621315,2052138734.1964562,2017198707.2324655,1985918149.4435759,1952563887.6067164,1928940921.6071413,1911405631.1231968
iron and steel 241,0.0,0.0,0.0,0.0,0.0,952062700.0290952,963052519.6392204,1135997122.4974551,1105792244.429882,1071964263.8368567,1000363866.1659096,899972674.9365654,862497498.854639,874479523.8053803,877310340.5150167,867193218.9572395,848491070.224326,816959837.8827779,816971600.1091735,830877098.8966289,834686843.9944695,843458044.2146991,852749937.7544334,860741227.9138814,871063810.9397669,878493596.2201838,881056718.6419699,889794289.9134252,906177265.3285949,915656414.0863085,918547410.9346654,915847295.4807129,905085440.683542,892698503.1292374,893188722.1519982,901555147.5128047
other metals 242,0.0,0.0,0.0,0.0,0.0,0.0,0.0,0.0,0.0,0.0,0.0,0.0,0.0,0.0,0.0,0.0,0.0,0.0,0.0,0.0,0.0,0.0,0.0,0.0,0.0,0.0,0.0,0.0,0.0,0.0,0.0,0.0,0.0,0.0,0.0,0.0
metal products except machinery and vehicles 25,0.0,0.0,0.0,0.0,0.0,0.0,0.0,0.0,0.0,0.0,0.0,0.0,0.0,0.0,0.0,0.0,0.0,0.0,0.0,0.0,0.0,0.0,0.0,0.0,0.0,0.0,0.0,0.0,0.0,0.0,0.0,0.0,0.0,0.0,0.0,0.0
computers and electronics 26,0.0,0.0,0.0,0.0,0.0,0.0,0.0,0.0,0.0,0.0,0.0,0.0,0.0,0.0,0.0,0.0,0.0,0.0,0.0,0.0,0.0,0.0,0.0,0.0,0.0,0.0,0.0,0.0,0.0,0.0,0.0,0.0,0.0,0.0,0.0,0.0
appliances and electrical equipment 27,0.0,0.0,0.0,0.0,0.0,0.0,0.0,0.0,0.0,0.0,0.0,0.0,0.0,0.0,0.0,0.0,0.0,0.0,0.0,0.0,0.0,0.0,0.0,0.0,0.0,0.0,0.0,0.0,0.0,0.0,0.0,0.0,0.0,0.0,0.0,0.0
other machinery 28,0.0,0.0,0.0,0.0,0.0,0.0,0.0,0.0,0.0,0.0,0.0,0.0,0.0,0.0,0.0,0.0,0.0,0.0,0.0,0.0,0.0,0.0,0.0,0.0,0.0,0.0,0.0,0.0,0.0,0.0,0.0,0.0,0.0,0.0,0.0,0.0
road vehicles 29,0.0,0.0,0.0,0.0,0.0,0.0,0.0,0.0,0.0,0.0,0.0,0.0,0.0,0.0,0.0,0.0,0.0,0.0,0.0,0.0,0.0,0.0,0.0,0.0,0.0,0.0,0.0,0.0,0.0,0.0,0.0,0.0,0.0,0.0,0.0,0.0
nonroad vehicles 30,0.0,0.0,0.0,0.0,0.0,0.0,0.0,0.0,0.0,0.0,0.0,0.0,0.0,0.0,0.0,0.0,0.0,0.0,0.0,0.0,0.0,0.0,0.0,0.0,0.0,0.0,0.0,0.0,0.0,0.0,0.0,0.0,0.0,0.0,0.0,0.0
other manufacturing 31T33,0.0,0.0,0.0,0.0,0.0,1020456226.2129805,1028986599.2438563,1118817834.4665585,1216473153.4232411,1196621068.9088311,1164240708.7262304,1147784845.5213542,1145404155.3695042,1149510396.947846,1166754725.7095988,1187843957.9416745,1208386517.859269,1243076247.9176683,1272785395.8114953,1303565390.826897,1329802272.441448,1345556721.4241319,1365768107.4838696,1395422863.3372478,1413634108.911413,1440946701.9918313,1467569607.8012073,1490147668.2455132,1508002935.464892,1525615300.4716196,1545907011.6256146,1581129266.5249631,1603123280.9361243,1622120646.2107282,1643125543.6029654,1664652682.4977295
energy pipelines and gas processing 352T353,0.0,0.0,0.0,0.0,0.0,13095239.656816015,13045162.631077217,15051170.144639505,16458068.376068376,18901003.187166512,19251097.359038673,19360813.54821796,20628767.194794845,22222364.52823937,22472097.555745676,22831780.76248818,22567063.476098042,22098318.626953553,21305709.68064296,20774664.394086372,20557983.070512183,20537128.47180913,20554948.724231366,20301267.620045844,20393934.17033193,20295153.74011151,20087118.09525705,20068070.142307743,20181835.921696417,20279814.22516037,20390114.560026802,20458944.83750739,20322870.15652752,20238351.0017321,20338809.793621454,20565785.743375387
water and waste 36T39,0.0,0.0,0.0,0.0,0.0,0.0,0.0,0.0,0.0,0.0,0.0,0.0,0.0,0.0,0.0,0.0,0.0,0.0,0.0,0.0,0.0,0.0,0.0,0.0,0.0,0.0,0.0,0.0,0.0,0.0,0.0,0.0,0.0,0.0,0.0,0.0
construction 41T43,0.0,0.0,0.0,0.0,0.0,0.0,0.0,0.0,0.0,0.0,0.0,0.0,0.0,0.0,0.0,0.0,0.0,0.0,0.0,0.0,0.0,0.0,0.0,0.0,0.0,0.0,0.0,0.0,0.0,0.0,0.0,0.0,0.0,0.0,0.0,0.0
