Policy:,crop and rice measures,Unit: g CO2e,,,,,,,,,,,,,,,,,,,,,,,,,,,,,,,,,,,
Lower Bound,Upper Bound,2015.0,2016.0,2017.0,2018.0,2019.0,2020.0,2021.0,2022.0,2023.0,2024.0,2025.0,2026.0,2027.0,2028.0,2029.0,2030.0,2031.0,2032.0,2033.0,2034.0,2035.0,2036.0,2037.0,2038.0,2039.0,2040.0,2041.0,2042.0,2043.0,2044.0,2045.0,2046.0,2047.0,2048.0,2049.0,2050.0
-1150.0,-1100.0,0.0,0.0,0.0,0.0,0.0,0.0,11916107.382550336,23832214.765100673,35748322.14765101,47664429.530201346,59580536.91275168,47664429.530201346,35748322.14765101,23832214.765100673,11916107.382550336,0.0,0.0,0.0,0.0,0.0,0.0,0.0,0.0,0.0,0.0,0.0,0.0,0.0,0.0,0.0,0.0,0.0,0.0,0.0,0.0,0.0
-1100.0,-1050.0,0.0,0.0,0.0,0.0,0.0,0.0,241701342.2818792,483402684.5637584,725104026.8456376,966805369.1275167,1208506711.409396,1197697127.5167785,1186887543.624161,1176077959.7315435,1165268375.838926,1154458791.9463089,923567033.5570471,692675275.1677853,461783516.7785236,230891758.38926184,0.0,0.0,0.0,0.0,0.0,0.0,0.0,0.0,0.0,0.0,0.0,0.0,0.0,0.0,0.0,0.0
-1050.0,-1000.0,0.0,0.0,0.0,0.0,0.0,0.0,0.0,0.0,0.0,0.0,0.0,50687919.463087246,101375838.92617449,152063758.38926172,202751677.85234898,253439597.3154362,202751677.85234898,152063758.38926172,101375838.92617448,50687919.46308723,0.0,0.0,0.0,0.0,0.0,0.0,0.0,0.0,0.0,0.0,0.0,3307208536.912751,6614417073.825502,9921625610.738255,13228834147.651005,16536042684.563757
-1000.0,-950.0,0.0,0.0,0.0,0.0,0.0,0.0,0.0,0.0,0.0,0.0,0.0,0.0,0.0,0.0,0.0,0.0,0.0,0.0,0.0,0.0,0.0,0.0,0.0,0.0,0.0,0.0,1593787785.2348993,3187575570.4697986,4781363355.704698,6375151140.939597,7968938926.174497,6375151140.939597,4781363355.704698,3187575570.469798,1593787785.2348988,0.0
-950.0,-900.0,0.0,0.0,0.0,0.0,0.0,0.0,0.0,0.0,0.0,0.0,0.0,0.0,0.0,0.0,0.0,0.0,0.0,0.0,0.0,0.0,0.0,0.0,0.0,0.0,0.0,0.0,1863033986.5771813,3726067973.1543627,5589101959.7315445,7452135946.308725,9315169932.885906,7452135946.308725,5589101959.7315445,3726067973.154363,1863033986.5771816,0.0
-900.0,-850.0,0.0,0.0,0.0,0.0,0.0,0.0,889261.744966443,1778523.489932886,2667785.234899329,3557046.979865772,4446308.724832216,3557046.979865772,2667785.234899329,1778523.489932886,889261.744966443,0.0,0.0,0.0,0.0,0.0,0.0,3608793234.899328,7217586469.798656,10826379704.697983,14435172939.597313,18043966174.49664,14435172939.597313,10826379704.697983,7217586469.798655,3608793234.899327,0.0,3337093046.9798665,6674186093.959733,10011279140.9396,13348372187.919466,16685465234.89933
-850.0,-800.0,0.0,0.0,0.0,0.0,0.0,0.0,57268456.375838935,114536912.75167787,171805369.1275168,229073825.50335574,286342281.8791947,229073825.50335574,171805369.1275168,114536912.75167787,57268456.375838935,0.0,3744580134.2281885,7489160268.456377,11233740402.684565,14978320536.912754,18722900671.14094,14979743355.7047,11236586040.26846,7493428724.832217,3750271409.395975,7114093.959731543,5691275.167785235,4268456.375838926,2845637.583892618,1422818.791946309,0.0,0.0,0.0,0.0,0.0,0.0
-800.0,-750.0,0.0,0.0,0.0,0.0,0.0,0.0,0.0,0.0,0.0,0.0,0.0,0.0,0.0,0.0,0.0,0.0,1422818.791946309,2845637.583892618,4268456.375838926,5691275.167785235,7114093.959731543,5691275.167785235,4268456.375838926,2845637.583892618,1422818.791946309,0.0,3385330442.9530196,6770660885.906039,10155991328.859058,13541321771.812078,16926652214.765099,13541321771.812078,10155991328.859058,6770660885.906039,3385330442.9530187,0.0
-750.0,-700.0,0.0,0.0,0.0,0.0,0.0,0.0,234573771.81208056,469147543.6241611,703721315.4362416,938295087.2483222,1172868859.0604029,938295087.2483222,703721315.4362416,469147543.62416106,234573771.8120805,0.0,0.0,0.0,0.0,0.0,0.0,3410183624.161074,6820367248.322148,10230550872.483223,13640734496.644297,17050918120.80537,13640734496.644297,10230550872.483223,6820367248.322149,3410183624.161075,0.0,0.0,0.0,0.0,0.0,0.0
-700.0,-650.0,0.0,0.0,0.0,0.0,0.0,0.0,0.0,0.0,0.0,0.0,0.0,0.0,0.0,0.0,0.0,0.0,3418140832.2147646,6836281664.429529,10254422496.644295,13672563328.859058,17090704161.073822,13672563328.859058,10254422496.644295,6836281664.42953,3418140832.2147655,0.0,0.0,0.0,0.0,0.0,0.0,0.0,0.0,0.0,0.0,0.0
-650.0,-600.0,0.0,0.0,0.0,0.0,0.0,0.0,0.0,0.0,0.0,0.0,0.0,4098954308.724832,8197908617.449664,12296862926.174494,16395817234.899328,20494771543.62416,16395817234.899328,12296862926.174494,8197908617.449663,4098954308.724831,0.0,0.0,0.0,0.0,0.0,0.0,0.0,0.0,0.0,0.0,0.0,0.0,0.0,0.0,0.0,0.0
-600.0,-550.0,0.0,0.0,0.0,0.0,0.0,0.0,0.0,0.0,0.0,0.0,0.0,0.0,0.0,0.0,0.0,0.0,0.0,0.0,0.0,0.0,0.0,0.0,0.0,0.0,0.0,0.0,0.0,0.0,0.0,0.0,0.0,0.0,0.0,0.0,0.0,0.0
-550.0,-500.0,0.0,0.0,0.0,0.0,0.0,0.0,1830594818.7919464,3661189637.583893,5491784456.37584,7322379275.167786,9152974093.959732,7322379275.167786,5491784456.37584,3661189637.583893,1830594818.7919464,0.0,0.0,0.0,0.0,0.0,0.0,0.0,0.0,0.0,0.0,0.0,0.0,0.0,0.0,0.0,0.0,5783317744.966443,11566635489.932886,17349953234.89933,23133270979.865772,28916588724.832214
-500.0,-450.0,0.0,0.0,0.0,0.0,0.0,0.0,0.0,0.0,0.0,0.0,0.0,0.0,0.0,0.0,0.0,0.0,0.0,0.0,0.0,0.0,0.0,247958845.63758388,495917691.27516776,743876536.9127517,991835382.5503355,1239794228.1879194,6882081798.657719,12524369369.127518,18166656939.597317,23808944510.067116,29451232080.536915,23560985664.42953,17670739248.322147,11780492832.214764,5890246416.107381,0.0
-450.0,-400.0,0.0,0.0,0.0,0.0,0.0,0.0,3062259704.6979866,6124519409.395973,9186779114.09396,12249038818.791946,15311298523.489933,12249038818.791946,9186779114.09396,6124519409.395973,3062259704.6979866,0.0,5987261503.355704,11974523006.711409,17961784510.067112,23949046013.422817,29936307516.77852,29659180885.90604,29382054255.033558,29104927624.161076,28827800993.288593,28550674362.41611,22840539489.932884,17130404617.449665,11420269744.966442,5710134872.48322,0.0,0.0,0.0,0.0,0.0,0.0
-400.0,-350.0,0.0,0.0,0.0,0.0,0.0,0.0,0.0,0.0,0.0,0.0,0.0,2134228.187919463,4268456.375838926,6402684.563758389,8536912.751677852,10671140.939597316,18852348.99328859,27033557.046979867,35214765.10067114,43395973.15436242,51577181.20805369,41261744.96644296,30946308.72483222,20630872.48322148,10315436.24161074,0.0,2134228.187919463,4268456.375838926,6402684.563758389,8536912.751677852,10671140.939597316,10493288.590604028,10315436.24161074,10137583.892617453,9959731.543624163,9781879.194630872
-350.0,-300.0,0.0,0.0,0.0,0.0,0.0,0.0,0.0,0.0,0.0,0.0,0.0,144416107.38255033,288832214.76510066,433248322.14765096,577664429.5302013,722080536.9127517,579798657.7181208,437516778.52349,295234899.3288591,152953020.13422823,10671140.939597316,10671140.939597316,10671140.939597316,10671140.939597316,10671140.939597316,10671140.939597316,8536912.751677852,6402684.563758389,4268456.375838926,2134228.187919463,0.0,65403516.77852349,130807033.55704698,196210550.33557045,261614067.11409396,327017583.89261746
-300.0,-250.0,0.0,0.0,0.0,0.0,0.0,0.0,54244966.44295301,108489932.88590603,162734899.32885903,216979865.77181205,271224832.2147651,16392838872.483223,32514452912.75168,48636066953.020134,64757680993.2886,80879295033.55705,64703436026.84564,48527577020.13423,32351718013.42282,16175859006.71141,0.0,68249154.3624161,136498308.7248322,204747463.08724833,272996617.4496644,341245771.8120805,340000805.3691275,338755838.9261745,337510872.48322153,336265906.04026854,335020939.59731543,268016751.67785233,201012563.75838923,134008375.83892615,67004187.919463076,0.0
-250.0,-200.0,0.0,0.0,0.0,0.0,0.0,0.0,14391822093.959728,28783644187.919456,43175466281.87918,57567288375.83891,71959110469.79865,66076990335.57046,60194870201.34227,54312750067.11408,48430629932.885895,42548509798.65772,34108124107.382553,25667738416.107384,17227352724.832214,8786967033.557045,346581342.2818792,277265073.82550335,207948805.3691275,138632536.91275167,69316268.45637584,0.0,0.0,0.0,0.0,0.0,0.0,1515392268.4563758,3030784536.9127517,4546176805.369127,6061569073.825503,7576961342.281879
-200.0,-150.0,0.0,0.0,0.0,0.0,0.0,0.0,0.0,0.0,0.0,0.0,0.0,1274212026.8456376,2548424053.691275,3822636080.536913,5096848107.38255,6371060134.228188,5412864778.52349,4454669422.818792,3496474067.1140943,2538278711.409396,1580083355.7046978,2903995006.711409,4227906657.7181206,5551818308.724832,6875729959.731543,8199641610.738254,8140509073.825502,8081376536.912751,8022244000.0,7963111463.087249,7903978926.174498,6323183140.939598,4742387355.704699,3161591570.469799,1580795785.2348995,0.0
-150.0,-100.0,0.0,0.0,0.0,0.0,0.0,0.0,44463851140.939606,88927702281.87921,133391553422.81882,177855404563.75842,222319255704.69803,178232068885.90607,134144882067.1141,90057695248.32214,45970508429.53019,1883321610.7382553,2881164563.7583895,3879007516.7785234,4876850469.798657,5874693422.818791,6872536375.838925,5498029100.671141,4123521825.5033555,2749014550.3355703,1374507275.1677852,0.0,0.0,0.0,0.0,0.0,0.0,2667785.234899328,5335570.469798657,8003355.704697985,10671140.939597314,13338926.174496643
-100.0,-90.0,0.0,0.0,0.0,0.0,0.0,0.0,946088939.5973154,1892177879.1946309,2838266818.7919464,3784355758.3892617,4730444697.986577,60980010899.328865,117229577100.67114,173479143302.01343,229728709503.3557,285978275704.698,228785466201.3423,171592656697.98657,114399847194.63086,57207037691.27515,14228187.919463087,14228187.919463087,14228187.919463087,14228187.919463087,14228187.919463087,14228187.919463087,14050335.570469799,13872483.22147651,13694630.872483222,13516778.523489933,13338926.174496643,10671140.939597314,8003355.704697985,5335570.469798656,2667785.234899328,0.0
-90.0,-80.0,0.0,0.0,0.0,0.0,0.0,0.0,0.0,0.0,0.0,0.0,0.0,3557046.979865772,7114093.959731544,10671140.939597316,14228187.919463089,17785234.89932886,14228187.919463089,10671140.939597316,7114093.959731543,3557046.979865772,0.0,0.0,0.0,0.0,0.0,0.0,0.0,0.0,0.0,0.0,0.0,0.0,0.0,0.0,0.0,0.0
-80.0,-70.0,0.0,0.0,0.0,0.0,0.0,0.0,0.0,0.0,0.0,0.0,0.0,0.0,0.0,0.0,0.0,0.0,0.0,0.0,0.0,0.0,0.0,0.0,0.0,0.0,0.0,0.0,0.0,0.0,0.0,0.0,0.0,0.0,0.0,0.0,0.0,0.0
-70.0,-60.0,0.0,0.0,0.0,0.0,0.0,0.0,0.0,0.0,0.0,0.0,0.0,72517610.73825504,145035221.47651008,217552832.21476513,290070442.95302016,362588053.6912752,290070442.95302016,217552832.21476513,145035221.4765101,72517610.73825507,0.0,0.0,0.0,0.0,0.0,0.0,8536912.751677852,17073825.503355704,25610738.255033556,34147651.00671141,42684563.758389264,42328859.06040268,41973154.3624161,41617449.66442952,41261744.96644294,40906040.26845637
-60.0,-50.0,0.0,0.0,0.0,0.0,0.0,0.0,780428563.7583894,1560857127.5167787,2341285691.275168,3121714255.0335574,3902142818.791947,3121714255.0335574,2341285691.275168,1560857127.5167785,780428563.7583891,0.0,9070469.79865772,18140939.59731544,27211409.395973157,36281879.19463088,45352348.99328859,45174496.644295305,44996644.29530202,44818791.94630874,44640939.597315446,44463087.24832215,35570469.79865772,26677852.34899329,17785234.899328865,8892617.449664434,0.0,0.0,0.0,0.0,0.0,0.0
-50.0,-40.0,0.0,0.0,0.0,0.0,0.0,0.0,0.0,0.0,0.0,0.0,0.0,0.0,0.0,0.0,0.0,0.0,0.0,0.0,0.0,0.0,0.0,0.0,0.0,0.0,0.0,0.0,0.0,0.0,0.0,0.0,0.0,0.0,0.0,0.0,0.0,0.0
-40.0,-30.0,0.0,0.0,0.0,0.0,0.0,0.0,3912751.677852349,7825503.355704698,11738255.033557046,15651006.711409396,19563758.389261745,15651006.711409396,11738255.033557046,7825503.355704697,3912751.677852348,0.0,0.0,0.0,0.0,0.0,0.0,0.0,0.0,0.0,0.0,0.0,0.0,0.0,0.0,0.0,0.0,0.0,0.0,0.0,0.0,0.0
-30.0,-20.0,0.0,0.0,0.0,0.0,0.0,0.0,0.0,0.0,0.0,0.0,0.0,0.0,0.0,0.0,0.0,0.0,0.0,0.0,0.0,0.0,0.0,0.0,0.0,0.0,0.0,0.0,0.0,0.0,0.0,0.0,0.0,0.0,0.0,0.0,0.0,0.0
-20.0,-10.0,0.0,0.0,0.0,0.0,0.0,0.0,0.0,0.0,0.0,0.0,0.0,949955543.6241611,1899911087.2483222,2849866630.8724833,3799822174.4966445,4749777718.120806,57480832295.30201,110211886872.48322,162942941449.66443,215673996026.8456,268405050604.02686,268279131140.9396,268153211677.85236,268027292214.7651,267901372751.67786,267775453288.5906,267387866872.48322,267000280456.37582,266612694040.26843,266225107624.16104,265837521208.05365,265082893691.27515,264328266174.49664,263573638657.71814,262819011140.93964,262064383624.16107
-10.0,0.0,0.0,0.0,0.0,0.0,0.0,0.0,0.0,0.0,0.0,0.0,0.0,0.0,0.0,0.0,0.0,0.0,0.0,0.0,0.0,0.0,0.0,0.0,0.0,0.0,0.0,0.0,0.0,0.0,0.0,0.0,0.0,0.0,0.0,0.0,0.0,0.0
0.0,0.0,0.0,0.0,0.0,0.0,0.0,0.0,0.0,0.0,0.0,0.0,0.0,0.0,0.0,0.0,0.0,0.0,0.0,0.0,0.0,0.0,0.0,0.0,0.0,0.0,0.0,0.0,0.0,0.0,0.0,0.0,0.0,177852.348993289,355704.697986577,533557.046979866,711409.395973154,889261.744966443
0.1,10.0,0.0,0.0,0.0,0.0,0.0,0.0,0.0,0.0,0.0,0.0,0.0,0.0,0.0,0.0,0.0,0.0,0.0,0.0,0.0,0.0,0.0,0.0,0.0,0.0,0.0,0.0,0.0,0.0,0.0,0.0,0.0,0.0,0.0,0.0,0.0,0.0
10.0,20.0,0.0,0.0,0.0,0.0,0.0,0.0,0.0,0.0,0.0,0.0,0.0,0.0,0.0,0.0,0.0,0.0,0.0,0.0,0.0,0.0,0.0,0.0,0.0,0.0,0.0,0.0,0.0,0.0,0.0,0.0,0.0,0.0,0.0,0.0,0.0,0.0
20.0,30.0,0.0,0.0,0.0,0.0,0.0,0.0,0.0,0.0,0.0,0.0,0.0,0.0,0.0,0.0,0.0,0.0,0.0,0.0,0.0,0.0,0.0,0.0,0.0,0.0,0.0,0.0,0.0,0.0,0.0,0.0,0.0,0.0,0.0,0.0,0.0,0.0
30.0,40.0,0.0,0.0,0.0,0.0,0.0,0.0,0.0,0.0,0.0,0.0,0.0,8892617.44966443,17785234.89932886,26677852.34899329,35570469.79865772,44463087.24832215,1125008402.6845636,2205553718.120805,3286099033.557046,4366644348.993287,5447189664.429529,5410907785.234899,5374625906.040268,5338344026.845637,5302062147.651007,5265780268.456375,5223938818.791945,5182097369.127516,5140255919.463086,5098414469.798656,5056573020.134229,4045258416.107383,3033943812.0805373,2022629208.0536911,1011314604.0268455,0.0
40.0,50.0,0.0,0.0,0.0,0.0,0.0,0.0,1119093127.5167785,2238186255.033557,3357279382.5503354,4476372510.067114,5595465637.583893,4476372510.067114,3357279382.5503354,2238186255.033557,1119093127.5167785,0.0,0.0,0.0,0.0,0.0,0.0,0.0,0.0,0.0,0.0,0.0,0.0,0.0,0.0,0.0,0.0,965072993.2885907,1930145986.5771813,2895218979.8657722,3860291973.1543627,4825364966.442953
50.0,60.0,0.0,0.0,0.0,0.0,0.0,0.0,0.0,0.0,0.0,0.0,0.0,0.0,0.0,0.0,0.0,0.0,0.0,0.0,0.0,0.0,0.0,0.0,0.0,0.0,0.0,0.0,0.0,0.0,0.0,0.0,0.0,0.0,0.0,0.0,0.0,0.0
60.0,70.0,0.0,0.0,0.0,0.0,0.0,0.0,0.0,0.0,0.0,0.0,0.0,0.0,0.0,0.0,0.0,0.0,0.0,0.0,0.0,0.0,0.0,0.0,0.0,0.0,0.0,0.0,0.0,0.0,0.0,0.0,0.0,0.0,0.0,0.0,0.0,0.0
70.0,80.0,0.0,0.0,0.0,0.0,0.0,0.0,0.0,0.0,0.0,0.0,0.0,0.0,0.0,0.0,0.0,0.0,0.0,0.0,0.0,0.0,0.0,0.0,0.0,0.0,0.0,0.0,0.0,0.0,0.0,0.0,0.0,0.0,0.0,0.0,0.0,0.0
80.0,90.0,0.0,0.0,0.0,0.0,0.0,0.0,784156724.8322148,1568313449.6644297,2352470174.4966445,3136626899.3288593,3920783624.161074,3136626899.3288593,2352470174.4966445,1568313449.6644297,784156724.8322148,0.0,0.0,0.0,0.0,0.0,0.0,0.0,0.0,0.0,0.0,0.0,0.0,0.0,0.0,0.0,0.0,0.0,0.0,0.0,0.0,0.0
90.0,100.0,0.0,0.0,0.0,0.0,0.0,0.0,9959731.54362416,19919463.08724832,29879194.63087248,39838926.17449664,49798657.718120806,39838926.17449664,29879194.63087248,19919463.087248314,9959731.543624157,0.0,0.0,0.0,0.0,0.0,0.0,0.0,0.0,0.0,0.0,0.0,0.0,0.0,0.0,0.0,0.0,0.0,0.0,0.0,0.0,0.0
100.0,150.0,0.0,0.0,0.0,0.0,0.0,0.0,0.0,0.0,0.0,0.0,0.0,0.0,0.0,0.0,0.0,0.0,0.0,0.0,0.0,0.0,0.0,0.0,0.0,0.0,0.0,0.0,0.0,0.0,0.0,0.0,0.0,0.0,0.0,0.0,0.0,0.0
150.0,200.0,0.0,0.0,0.0,0.0,0.0,0.0,0.0,0.0,0.0,0.0,0.0,1147951355.704698,2295902711.409396,3443854067.1140943,4591805422.818792,5739756778.52349,4591805422.818792,3443854067.1140943,2295902711.409396,1147951355.704698,0.0,0.0,0.0,0.0,0.0,0.0,0.0,0.0,0.0,0.0,0.0,0.0,0.0,0.0,0.0,0.0
200.0,250.0,0.0,0.0,0.0,0.0,0.0,0.0,0.0,0.0,0.0,0.0,0.0,0.0,0.0,0.0,0.0,0.0,0.0,0.0,0.0,0.0,0.0,19208053.69127517,38416107.38255034,57624161.07382551,76832214.76510067,96040268.45637584,95151006.71140939,94261744.96644294,93372483.2214765,92483221.47651005,91593959.73154362,90704697.98657717,89815436.24161072,88926174.49664427,88036912.75167783,87147651.0067114
250.0,300.0,0.0,0.0,0.0,0.0,0.0,0.0,1396819677.852349,2793639355.704698,4190459033.5570464,5587278711.409396,6984098389.2617445,7154612644.295301,7325126899.328858,7495641154.362415,7666155409.395972,7836669664.429531,6289433046.979866,4742196429.530201,3194959812.0805364,1647723194.6308718,100486577.18120804,80389261.74496643,60291946.30872482,40194630.87248321,20097315.4362416,0.0,0.0,0.0,0.0,0.0,0.0,0.0,0.0,0.0,0.0,0.0
300.0,350.0,0.0,0.0,0.0,0.0,0.0,0.0,0.0,0.0,0.0,0.0,0.0,0.0,0.0,0.0,0.0,0.0,0.0,0.0,0.0,0.0,0.0,0.0,0.0,0.0,0.0,0.0,0.0,0.0,0.0,0.0,0.0,0.0,0.0,0.0,0.0,0.0
350.0,400.0,0.0,0.0,0.0,0.0,0.0,0.0,240370818.79194632,480741637.58389264,721112456.375839,961483275.1677853,1201854093.9597313,961483275.1677853,721112456.375839,480741637.58389264,240370818.79194638,0.0,0.0,0.0,0.0,0.0,0.0,0.0,0.0,0.0,0.0,0.0,0.0,0.0,0.0,0.0,0.0,0.0,0.0,0.0,0.0,0.0
400.0,450.0,0.0,0.0,0.0,0.0,0.0,0.0,0.0,0.0,0.0,0.0,0.0,238592295.3020134,477184590.6040268,715776885.9060402,954369181.2080536,1192961476.510067,2439574738.2550335,3686188000.0,4932801261.7449665,6179414523.489933,7426027785.2348995,7372138523.489933,7318249261.7449665,7264360000.0,7210470738.2550335,7156581476.510068,5725265181.208055,4293948885.906041,2862632590.6040277,1431316295.302014,0.0,0.0,0.0,0.0,0.0,0.0
450.0,500.0,0.0,0.0,0.0,0.0,0.0,0.0,19577304161.07383,39154608322.14766,58731912483.22149,78309216644.29532,97886520805.36914,78582885261.74498,59279249718.12082,39975614174.49666,20671978630.872494,1368343087.248322,1315659382.5503354,1262975677.852349,1210291973.1543622,1157608268.4563756,1104924563.758389,1105102416.1073823,1105280268.4563756,1105458120.805369,1105635973.1543622,1105813825.5033555,2255319704.6979866,3404825583.892617,4554331463.087248,5703837342.281878,6853343221.476509,6793940536.912751,6734537852.348993,6675135167.785235,6615732483.2214775,6556329798.657718
500.0,550.0,0.0,0.0,0.0,0.0,0.0,0.0,0.0,0.0,0.0,0.0,0.0,46063758.389261745,92127516.77852349,138191275.16778523,184255033.55704698,230318791.94630873,530441261.74496645,830563731.5436242,1130686201.3422818,1430808671.1409395,1730931140.9395974,1716525100.671141,1702119060.4026845,1687713020.134228,1673306979.8657715,1658900939.5973155,1547216402.6845639,1435531865.7718122,1323847328.8590605,1212162791.9463089,1100478255.033557,880382604.0268456,660286953.0201343,440191302.01342285,220095651.00671145,0.0
550.0,600.0,0.0,0.0,0.0,0.0,0.0,0.0,95328859.06040269,190657718.12080538,285986577.1812081,381315436.24161077,476644295.30201346,18707151436.24161,36937658577.18121,55168165718.12081,73398672859.06041,91629180000.0,92821331033.55705,94013482067.1141,95205633100.67116,96397784134.22821,97589935167.78525,97469884832.21478,97349834496.64432,97229784161.07385,97109733825.50337,96989683489.93289,77907698120.80537,58825712751.67786,39743727382.55034,20661742013.42282,1579756644.2953022,1781355651.0067115,1982954657.7181208,2184553664.42953,2386152671.1409397,2587751677.852349
600.0,650.0,0.0,0.0,0.0,0.0,0.0,0.0,4812546120.805368,9625092241.610737,14437638362.416105,19250184483.221474,24062730604.026844,19341067033.557045,14619403463.087246,9897739892.617447,5176076322.147649,454412751.6778523,363530201.3422818,272647651.00671136,181765100.6711409,90882550.33557045,0.0,0.0,0.0,0.0,0.0,0.0,19184289879.19463,38368579758.38926,57552869637.58389,76737159516.77852,95921449395.97314,76823062201.34227,57724675006.711395,38626287812.08052,19527900617.44965,429513422.8187919
650.0,700.0,0.0,0.0,0.0,0.0,0.0,0.0,6454241530.201341,12908483060.402681,19362724590.604023,25816966120.805363,32271207651.006702,32978842738.255028,33686477825.503353,34394112912.75168,35101748000.0,35809383087.24832,38767739651.00672,41726096214.76511,44684452778.5235,47642809342.28189,50601165906.04027,40480932724.832214,30360699543.62416,20240466362.416107,10120233181.208054,0.0,0.0,0.0,0.0,0.0,0.0,18754730308.724834,37509460617.44967,56264190926.1745,75018921234.89934,93773651543.62418
700.0,750.0,0.0,0.0,0.0,0.0,0.0,0.0,32817127.51677852,65634255.03355704,98451382.55033556,131268510.06711408,164085637.5838926,3860206416.107383,7556327194.630873,11252447973.154362,14948568751.67785,18644689530.201344,15663442899.328863,12682196268.456379,9700949637.583897,6719703006.711413,3738456375.8389263,13669632510.067114,23600808644.295303,33531984778.52349,43463160912.75168,53394337046.979866,46638800161.07382,39883263275.16778,33127726389.261738,26372189503.355698,19616652617.44966,15693322093.959728,11769991570.469795,7846661046.979863,3923330523.489931,0.0
750.0,800.0,0.0,0.0,0.0,0.0,0.0,0.0,0.0,0.0,0.0,0.0,0.0,0.0,0.0,0.0,0.0,0.0,374557046.9798657,749114093.9597313,1123671140.9395971,1498228187.9194627,1872785234.8993285,1498228187.9194627,1123671140.9395971,749114093.9597315,374557046.9798658,0.0,6513835543.62416,13027671087.24832,19541506630.872482,26055342174.49664,32569177718.120804,29808869852.348988,27048561986.57718,24288254120.805367,21527946255.033554,18767638389.261745
800.0,850.0,0.0,0.0,0.0,0.0,0.0,0.0,0.0,0.0,0.0,0.0,0.0,0.0,0.0,0.0,0.0,0.0,745484966.4429531,1490969932.8859062,2236454899.3288593,2981939865.7718124,3727424832.2147655,3350627785.2348995,2973830738.2550335,2597033691.2751675,2220236644.2953014,1843439597.3154364,1836325503.3557048,1829211409.3959732,1822097315.4362416,1814983221.47651,1807869127.5167785,7851818765.100672,13895768402.684565,19939718040.268456,25983667677.85235,32027617315.43624
850.0,900.0,0.0,0.0,0.0,0.0,0.0,0.0,0.0,0.0,0.0,0.0,0.0,0.0,0.0,0.0,0.0,0.0,0.0,0.0,0.0,0.0,0.0,733568859.0604026,1467137718.1208053,2200706577.1812077,2934275436.2416105,3667844295.3020134,2934275436.2416105,2200706577.1812077,1467137718.120805,733568859.0604024,0.0,353570469.7986578,707140939.5973155,1060711409.3959733,1414281879.194631,1767852348.9932888
900.0,950.0,0.0,0.0,0.0,0.0,0.0,0.0,0.0,0.0,0.0,0.0,0.0,0.0,0.0,0.0,0.0,0.0,0.0,0.0,0.0,0.0,0.0,0.0,0.0,0.0,0.0,0.0,0.0,0.0,0.0,0.0,0.0,0.0,0.0,0.0,0.0,0.0
950.0,1000.0,0.0,0.0,0.0,0.0,0.0,0.0,0.0,0.0,0.0,0.0,0.0,0.0,0.0,0.0,0.0,0.0,0.0,0.0,0.0,0.0,0.0,0.0,0.0,0.0,0.0,0.0,719696375.8389262,1439392751.6778524,2159089127.5167785,2878785503.355705,3598481879.194631,2878785503.355705,2159089127.5167785,1439392751.6778522,719696375.838926,0.0
1000.0,1050.0,0.0,0.0,0.0,0.0,0.0,0.0,0.0,0.0,0.0,0.0,0.0,0.0,0.0,0.0,0.0,0.0,0.0,0.0,0.0,0.0,0.0,0.0,0.0,0.0,0.0,0.0,0.0,0.0,0.0,0.0,0.0,703511812.080537,1407023624.161074,2110535436.241611,2814047248.322148,3517559060.402685
1050.0,1100.0,0.0,0.0,0.0,0.0,0.0,0.0,270157718.1208054,540315436.2416108,810473154.3624161,1080630872.4832215,1350788590.6040268,1080630872.4832215,810473154.3624161,540315436.2416108,270157718.1208054,0.0,10317392617.449665,20634785234.89933,30952177852.348995,41269570469.79866,51586963087.24832,41269570469.79866,30952177852.348995,20634785234.89933,10317392617.449665,0.0,0.0,0.0,0.0,0.0,0.0,0.0,0.0,0.0,0.0,0.0
1100.0,1150.0,0.0,0.0,0.0,0.0,0.0,0.0,0.0,0.0,0.0,0.0,0.0,0.0,0.0,0.0,0.0,0.0,38949664.4295302,77899328.8590604,116848993.28859061,155798657.7181208,194748322.14765102,10449003355.704699,20703258389.261745,30957513422.818794,41211768456.37584,51466023489.932884,41172818791.946304,30879614093.95973,20586409395.973152,10293204697.986576,0.0,0.0,0.0,0.0,0.0,0.0
1150.0,1200.0,0.0,0.0,0.0,0.0,0.0,0.0,0.0,0.0,0.0,0.0,0.0,0.0,0.0,0.0,0.0,0.0,0.0,0.0,0.0,0.0,0.0,0.0,0.0,0.0,0.0,0.0,0.0,0.0,0.0,0.0,0.0,0.0,0.0,0.0,0.0,0.0
1200.0,1250.0,0.0,0.0,0.0,0.0,0.0,0.0,0.0,0.0,0.0,0.0,0.0,0.0,0.0,0.0,0.0,0.0,0.0,0.0,0.0,0.0,0.0,37348993.28859061,74697986.57718122,112046979.86577183,149395973.15436244,186744966.44295305,10368080536.912752,20549416107.382553,30730751677.852352,40912087248.32215,51093422818.79195,40874738255.033554,30656053691.275166,20437369127.516777,10218684563.758389,0.0
1250.0,1300.0,0.0,0.0,0.0,0.0,0.0,0.0,6349104859.060404,12698209718.120808,19047314577.181213,25396419436.241615,31745524295.302017,25659996617.44967,19574468939.59732,13488941261.74497,7403413583.89262,1317885906.0402687,1054308724.8322147,790731543.624161,527154362.41610736,263577181.20805362,0.0,0.0,0.0,0.0,0.0,0.0,0.0,0.0,0.0,0.0,0.0,10073557046.979868,20147114093.959736,30220671140.939606,40294228187.91947,50367785234.89934
1300.0,1350.0,0.0,0.0,0.0,0.0,0.0,0.0,0.0,0.0,0.0,0.0,0.0,7560635060.402684,15121270120.805368,22681905181.208054,30242540241.610737,37803175302.01342,30245030174.49664,22686885046.979866,15128739919.463085,7570594791.946308,12449664.429530201,9959731.54362416,7469798.65771812,4979865.771812079,2489932.88590604,0.0,0.0,0.0,0.0,0.0,0.0,0.0,0.0,0.0,0.0,0.0
1350.0,1400.0,0.0,0.0,0.0,0.0,0.0,0.0,2489932.88590604,4979865.77181208,7469798.65771812,9959731.54362416,12449664.429530201,9959731.54362416,7469798.65771812,4979865.771812079,2489932.88590604,0.0,0.0,0.0,0.0,0.0,0.0,2489932.88590604,4979865.77181208,7469798.65771812,9959731.54362416,12449664.429530201,45530201.342281885,78610738.25503357,111691275.16778526,144771812.08053693,177852348.9932886,142281879.1946309,106711409.39597316,71140939.59731546,35570469.79865774,0.0
1400.0,1450.0,0.0,0.0,0.0,0.0,0.0,0.0,0.0,0.0,0.0,0.0,0.0,0.0,0.0,0.0,0.0,0.0,0.0,0.0,0.0,0.0,0.0,0.0,0.0,0.0,0.0,0.0,2312080.536912752,4624161.073825503,6936241.610738254,9248322.147651006,11560402.684563758,9248322.147651006,6936241.610738254,4624161.073825503,2312080.536912752,0.0
1450.0,1500.0,0.0,0.0,0.0,0.0,0.0,0.0,0.0,0.0,0.0,0.0,0.0,2312080.536912752,4624161.073825503,6936241.610738254,9248322.147651006,11560402.684563758,9248322.147651006,6936241.610738254,4624161.073825503,2312080.536912752,0.0,0.0,0.0,0.0,0.0,0.0,0.0,0.0,0.0,0.0,0.0,0.0,0.0,0.0,0.0,0.0
1500.0,1550.0,0.0,0.0,0.0,0.0,0.0,0.0,0.0,0.0,0.0,0.0,0.0,0.0,0.0,0.0,0.0,0.0,0.0,0.0,0.0,0.0,0.0,0.0,0.0,0.0,0.0,0.0,0.0,0.0,0.0,0.0,0.0,36104026.84563758,72208053.69127516,108312080.53691274,144416107.38255033,180520134.22818792
1550.0,1600.0,0.0,0.0,0.0,0.0,0.0,0.0,883063865.7718121,1766127731.5436242,2649191597.3154364,3532255463.0872483,4415319328.85906,4449769798.657718,4484220268.456375,4518670738.255033,4553121208.05369,4587571677.852348,4597538147.651007,4607504617.449665,4617471087.248323,4627437557.046982,4637404026.845638,4602498818.791947,4567593610.738256,4532688402.684566,4497783194.630875,4462877986.577182,4424639731.543625,4386401476.510068,4348163221.476511,4309924966.442954,4271686711.409396,4229667409.395973,4187648107.3825502,4145628805.3691273,4103609503.3557043,4061590201.342282
