Unit: BTU,2024.0,2025.0,2026.0,2027.0,2028.0,2029.0,2030.0,2031.0,2032.0,2033.0,2034.0,2035.0,2036.0,2037.0,2038.0,2039.0,2040.0,2041.0,2042.0,2043.0,2044.0,2045.0,2046.0,2047.0,2048.0,2049.0,2050.0
agriculture and forestry 01T03,1392230000000.0,1319290000000.0,1319470000000.0,1341630000000.0,1368490000000.0,1387870000000.0,1403150000000.0,1420460000000.0,1470490000000.0,1467900000000.0,1480850000000.0,1495110000000.0,1508660000000.0,1532860000000.0,1557370000000.0,1578890000000.0,1594830000000.0,1602490000000.0,1612780000000.0,1622990000000.0,1635210000000.0,1649930000000.0,1665550000000.0,1681210000000.0,1697080000000.0,1712920000000.0,1729000000000.0
coal mining 05,0.0,0.0,0.0,0.0,0.0,0.0,0.0,0.0,0.0,0.0,0.0,0.0,0.0,0.0,0.0,0.0,0.0,0.0,0.0,0.0,0.0,0.0,0.0,0.0,0.0,0.0,0.0
oil and gas extraction 06,49000000000.0,48854500000.0,50676400000.0,50716900000.0,51070300000.0,51369700000.0,51969100000.0,52516100000.0,52975800000.0,53343000000.0,53766300000.0,53941400000.0,54132800000.0,54341500000.0,54529400000.0,54752000000.0,55116200000.0,55536300000.0,55805300000.0,56089400000.0,56283900000.0,56443300000.0,56607500000.0,56814100000.0,56941500000.0,57019200000.0,57055500000.0
other mining and quarrying 07T08,976168000000.0,984387000000.0,989126000000.0,982038000000.0,969752000000.0,968522000000.0,971973000000.0,980030000000.0,988546000000.0,987718000000.0,989062000000.0,990675000000.0,987789000000.0,983425000000.0,980928000000.0,976974000000.0,971627000000.0,966110000000.0,962205000000.0,961618000000.0,962962000000.0,965968000000.0,966845000000.0,967404000000.0,966683000000.0,966739000000.0,967355000000.0
food beverage and tobacco 10T12,29721000000000.0,29067100000000.0,28670800000000.0,28789300000000.0,28865500000000.0,28826600000000.0,28627200000000.0,28497700000000.0,28418000000000.0,28117700000000.0,27866500000000.0,27504700000000.0,27133300000000.0,26738700000000.0,26389600000000.0,26057500000000.0,25806200000000.0,25610700000000.0,25573600000000.0,25563400000000.0,25563800000000.0,25528200000000.0,25424000000000.0,25317300000000.0,25217900000000.0,25132100000000.0,25054300000000.0
textiles apparel and leather 13T15,54866700000.0,54866700000.0,54866700000.0,54866700000.0,54866700000.0,54866700000.0,54866700000.0,54866700000.0,54866700000.0,54866700000.0,54866700000.0,54866700000.0,54866700000.0,54866700000.0,54866700000.0,54866700000.0,54866700000.0,54866700000.0,54866700000.0,54866700000.0,54866700000.0,54866700000.0,54866700000.0,54866700000.0,54866700000.0,54866700000.0,54866700000.0
wood products 16,103485000000.0,101785000000.0,100876000000.0,101280000000.0,101425000000.0,102157000000.0,102092000000.0,101319000000.0,101394000000.0,101794000000.0,102051000000.0,101732000000.0,101296000000.0,100751000000.0,100102000000.0,99536800000.0,98994500000.0,98747800000.0,98689000000.0,98550200000.0,98408000000.0,98648200000.0,98829500000.0,98938900000.0,99025500000.0,99064700000.0,99130100000.0
pulp paper and printing 17T18,473004000000.0,450845000000.0,450937000000.0,464013000000.0,465027000000.0,465149000000.0,461398000000.0,457551000000.0,453927000000.0,449723000000.0,445455000000.0,441254000000.0,437077000000.0,431738000000.0,428526000000.0,426105000000.0,424609000000.0,422339000000.0,420460000000.0,418925000000.0,417591000000.0,416423000000.0,413579000000.0,410880000000.0,407449000000.0,404365000000.0,400994000000.0
refined petroleum and coke 19,29534400000.0,29534400000.0,29534400000.0,29534400000.0,29534400000.0,29534400000.0,29534400000.0,29534400000.0,29534400000.0,29534400000.0,29534400000.0,29534400000.0,29534400000.0,29534400000.0,29534400000.0,29534400000.0,29534400000.0,29534400000.0,29534400000.0,29534400000.0,29534400000.0,29534400000.0,29534400000.0,29534400000.0,29534400000.0,29534400000.0,29534400000.0
chemicals 20,74591700000000.0,75593900000000.0,73423200000000.0,72517300000000.0,72622000000000.0,71888500000000.0,72028700000000.0,72609000000000.0,73017500000000.0,73349300000000.0,73866000000000.0,74267200000000.0,74665100000000.0,74757200000000.0,75009700000000.0,75705500000000.0,76450000000000.0,77387500000000.0,78759200000000.0,80112000000000.0,81569700000000.0,83113800000000.0,84584300000000.0,86103000000000.0,87497300000000.0,88683100000000.0,90165400000000.0
rubber and plastic products 22,135149000000.0,129966000000.0,128686000000.0,130903000000.0,131810000000.0,132063000000.0,131928000000.0,132307000000.0,133066000000.0,132099000000.0,132054000000.0,131722000000.0,131530000000.0,131484000000.0,131458000000.0,131265000000.0,131622000000.0,132357000000.0,134239000000.0,136200000000.0,138251000000.0,140235000000.0,141503000000.0,142588000000.0,143397000000.0,144743000000.0,146253000000.0
glass and glass products 231,418929000000.0,408774000000.0,404233000000.0,397738000000.0,389916000000.0,382217000000.0,374877000000.0,367943000000.0,361883000000.0,356628000000.0,352247000000.0,348256000000.0,344161000000.0,340114000000.0,336167000000.0,332647000000.0,329306000000.0,326295000000.0,323516000000.0,321144000000.0,318947000000.0,316886000000.0,315016000000.0,313294000000.0,311735000000.0,310092000000.0,308609000000.0
cement and other nonmetallic minerals 239,977653000000.0,982002000000.0,959397000000.0,988051000000.0,1030880000000.0,1073530000000.0,1110090000000.0,1161800000000.0,1208180000000.0,1252320000000.0,1294960000000.0,1336270000000.0,1375390000000.0,1414500000000.0,1452690000000.0,1491130000000.0,1517230000000.0,1542600000000.0,1563090000000.0,1561400000000.0,1557580000000.0,1568080000000.0,1581590000000.0,1597020000000.0,1614070000000.0,1631880000000.0,1651010000000.0
iron and steel 241,1452020000000.0,1491520000000.0,1507370000000.0,1544910000000.0,1520230000000.0,1513530000000.0,1522480000000.0,1524560000000.0,1534420000000.0,1540760000000.0,1533900000000.0,1534160000000.0,1526730000000.0,1523160000000.0,1516130000000.0,1507820000000.0,1507650000000.0,1510370000000.0,1513990000000.0,1515080000000.0,1516570000000.0,1526430000000.0,1531160000000.0,1540230000000.0,1546570000000.0,1546100000000.0,1551320000000.0
other metals 242,0.0,0.0,0.0,0.0,0.0,0.0,0.0,0.0,0.0,0.0,0.0,0.0,0.0,0.0,0.0,0.0,0.0,0.0,0.0,0.0,0.0,0.0,0.0,0.0,0.0,0.0,0.0
metal products except machinery and vehicles 25,479661000000.0,470091000000.0,480761000000.0,485781000000.0,479565000000.0,475129000000.0,472745000000.0,470621000000.0,474160000000.0,474139000000.0,477394000000.0,479938000000.0,481374000000.0,483061000000.0,485884000000.0,487077000000.0,489817000000.0,492762000000.0,497393000000.0,502483000000.0,509574000000.0,516317000000.0,521865000000.0,524749000000.0,526281000000.0,531397000000.0,536304000000.0
computers and electronics 26,33767700000.0,32588700000.0,33200100000.0,33668500000.0,33700800000.0,33783900000.0,33511600000.0,33204700000.0,33518500000.0,33257800000.0,33530100000.0,33629300000.0,33714700000.0,33832300000.0,33998500000.0,34222300000.0,34517600000.0,34896000000.0,35622800000.0,36437300000.0,37337200000.0,38188600000.0,38940800000.0,39609900000.0,40265200000.0,40971200000.0,41638000000.0
appliances and electrical equipment 27,61831600000.0,59548900000.0,59176800000.0,58620100000.0,57559900000.0,57089900000.0,57688600000.0,58111000000.0,58824300000.0,58698400000.0,58667700000.0,58827100000.0,58871900000.0,58866300000.0,58793500000.0,58746000000.0,58824300000.0,58911000000.0,59162800000.0,59403400000.0,59655200000.0,59937700000.0,60281800000.0,60603500000.0,60860800000.0,61081800000.0,61235700000.0
other machinery 28,1663220000000.0,1558000000000.0,1532920000000.0,1564980000000.0,1588890000000.0,1612940000000.0,1629700000000.0,1655630000000.0,1683900000000.0,1681510000000.0,1692580000000.0,1709890000000.0,1722920000000.0,1730450000000.0,1732410000000.0,1731610000000.0,1737670000000.0,1744270000000.0,1753200000000.0,1760120000000.0,1767150000000.0,1776270000000.0,1787090000000.0,1798840000000.0,1806360000000.0,1811560000000.0,1814500000000.0
road vehicles 29,80023300000.0,80023300000.0,80023300000.0,80023300000.0,80023300000.0,80023300000.0,80023300000.0,80023300000.0,80023300000.0,80023300000.0,80023300000.0,80023300000.0,80023300000.0,80023300000.0,80023300000.0,80023300000.0,80023300000.0,80023300000.0,80023300000.0,80023300000.0,80023300000.0,80023300000.0,80023300000.0,80023300000.0,80023300000.0,80023300000.0,80023300000.0
nonroad vehicles 30,19840000000.0,19840000000.0,19840000000.0,19840000000.0,19840000000.0,19840000000.0,19840000000.0,19840000000.0,19840000000.0,19840000000.0,19840000000.0,19840000000.0,19840000000.0,19840000000.0,19840000000.0,19840000000.0,19840000000.0,19840000000.0,19840000000.0,19840000000.0,19840000000.0,19840000000.0,19840000000.0,19840000000.0,19840000000.0,19840000000.0,19840000000.0
other manufacturing 31T33,255822000000.0,243765000000.0,242099000000.0,242686000000.0,240168000000.0,238059000000.0,237105000000.0,236209000000.0,235049000000.0,231678000000.0,228895000000.0,225967000000.0,222766000000.0,219822000000.0,217318000000.0,214530000000.0,212933000000.0,211929000000.0,211932000000.0,212124000000.0,212546000000.0,213073000000.0,212745000000.0,212227000000.0,211250000000.0,211179000000.0,210626000000.0
energy pipelines and gas processing 352T353,6243000000000.0,6243000000000.0,5987990000000.0,6396740000000.0,6577630000000.0,6847070000000.0,7648350000000.0,8046070000000.0,8392340000000.0,8632780000000.0,9029890000000.0,9341330000000.0,9645670000000.0,9878990000000.0,10094200000000.0,10324100000000.0,10509600000000.0,10693000000000.0,10880500000000.0,11072700000000.0,11254500000000.0,11382400000000.0,11528100000000.0,11673500000000.0,11778300000000.0,11780600000000.0,11806500000000.0
water and waste 36T39,0.0,0.0,0.0,0.0,0.0,0.0,0.0,0.0,0.0,0.0,0.0,0.0,0.0,0.0,0.0,0.0,0.0,0.0,0.0,0.0,0.0,0.0,0.0,0.0,0.0,0.0,0.0
construction 41T43,815165000000.0,799753000000.0,794301000000.0,797797000000.0,801249000000.0,810329000000.0,819730000000.0,828552000000.0,837324000000.0,840801000000.0,841348000000.0,843360000000.0,844184000000.0,842964000000.0,840852000000.0,838091000000.0,833991000000.0,829319000000.0,827691000000.0,825754000000.0,824911000000.0,827181000000.0,829753000000.0,831860000000.0,834104000000.0,837242000000.0,841468000000.0
